bin_start_local,bin_minutes,record_type,sensor_model,sensor_id,channel,rows,first_local,last_local,raw_min,raw_max,raw_median,value_min,value_max,value_median,quality_flags,raw_eq_51201_rows
2026-06-30 12:55:00.000,5,plants.soil,UMLIFE_v2_TLC555,s1,soil_moisture,19,2026-06-30 12:58:28.429,2026-06-30 12:59:57.778,3207,3218,3212,,,,OK,0
2026-06-30 12:55:00.000,5,plants.soil,UMLIFE_v2_TLC555,s2,soil_moisture,19,2026-06-30 12:58:28.429,2026-06-30 12:59:57.859,3127,3136,3131,,,,OK,0
2026-06-30 12:55:00.000,5,plants.soil,UMLIFE_v2_TLC555,s3,soil_moisture,19,2026-06-30 12:58:27.635,2026-06-30 12:59:57.629,3165,3179,3173,,,,OK,0
2026-06-30 12:55:00.000,5,plants.soil,UMLIFE_v2_TLC555,s4,soil_moisture,19,2026-06-30 12:58:28.429,2026-06-30 12:59:57.713,3155,3172,3166,,,,OK,0
2026-06-30 13:00:00.000,5,plants.soil,UMLIFE_v2_TLC555,s1,soil_moisture,44,2026-06-30 13:00:02.795,2026-06-30 13:03:37.799,3208,3244,3227.5,,,,OK,0
2026-06-30 13:00:00.000,5,plants.soil,UMLIFE_v2_TLC555,s2,soil_moisture,44,2026-06-30 13:00:02.869,2026-06-30 13:03:37.868,3129,3163,3141.5,,,,OK,0
2026-06-30 13:00:00.000,5,plants.soil,UMLIFE_v2_TLC555,s3,soil_moisture,44,2026-06-30 13:00:02.637,2026-06-30 13:03:37.643,3167,3193,3181,,,,OK,0
2026-06-30 13:00:00.000,5,plants.soil,UMLIFE_v2_TLC555,s4,soil_moisture,44,2026-06-30 13:00:02.719,2026-06-30 13:03:37.721,3166,3187,3173.5,,,,OK,0
2026-06-30 13:15:00.000,5,plants.env,AS7263,as7263,nir_610,21,2026-06-30 13:18:16.324,2026-06-30 13:19:55.523,258,368,327,,,,OK,0
2026-06-30 13:15:00.000,5,plants.env,AS7263,as7263,nir_680,21,2026-06-30 13:18:16.324,2026-06-30 13:19:55.602,329,469,444,,,,OK,0
2026-06-30 13:15:00.000,5,plants.env,AS7263,as7263,nir_730,21,2026-06-30 13:18:16.326,2026-06-30 13:19:55.681,402,579,518,,,,OK,0
2026-06-30 13:15:00.000,5,plants.env,AS7263,as7263,nir_760,21,2026-06-30 13:18:16.326,2026-06-30 13:19:55.760,350,501,466,,,,OK,0
2026-06-30 13:15:00.000,5,plants.env,AS7263,as7263,nir_810,21,2026-06-30 13:18:16.328,2026-06-30 13:19:55.840,413,595,528,,,,OK,0
2026-06-30 13:15:00.000,5,plants.env,AS7263,as7263,nir_860,21,2026-06-30 13:18:16.328,2026-06-30 13:19:55.909,290,426,384,,,,OK,0
2026-06-30 13:15:00.000,5,plants.env,SHT45,sht45,ambient_rh,21,2026-06-30 13:18:16.321,2026-06-30 13:19:55.395,28150,28732,28382,47.69,48.8,48.14,OK,0
2026-06-30 13:15:00.000,5,plants.env,SHT45,sht45,ambient_temp,21,2026-06-30 13:18:15.303,2026-06-30 13:19:55.305,27365,27404,27377,28.07,28.18,28.11,OK,0
2026-06-30 13:15:00.000,5,plants.soil,UMLIFE_v2_TLC555,s1,soil_moisture,21,2026-06-30 13:18:16.332,2026-06-30 13:19:56.141,3197,3203,3200,,,,OK,0
2026-06-30 13:15:00.000,5,plants.soil,UMLIFE_v2_TLC555,s2,soil_moisture,21,2026-06-30 13:18:16.332,2026-06-30 13:19:56.222,3145,3152,3148,,,,OK,0
2026-06-30 13:15:00.000,5,plants.soil,UMLIFE_v2_TLC555,s3,soil_moisture,21,2026-06-30 13:18:16.330,2026-06-30 13:19:55.988,3185,3190,3188,,,,OK,0
2026-06-30 13:15:00.000,5,plants.soil,UMLIFE_v2_TLC555,s4,soil_moisture,21,2026-06-30 13:18:16.330,2026-06-30 13:19:56.071,3181,3188,3184,,,,OK,0
2026-06-30 13:20:00.000,5,plants.env,AS7263,as7263,nir_610,60,2026-06-30 13:20:00.529,2026-06-30 13:24:55.529,32,573,340.5,,,,OK,0
2026-06-30 13:20:00.000,5,plants.env,AS7263,as7263,nir_680,60,2026-06-30 13:20:00.608,2026-06-30 13:24:55.611,60,787,421.5,,,,OK,0
2026-06-30 13:20:00.000,5,plants.env,AS7263,as7263,nir_730,60,2026-06-30 13:20:00.677,2026-06-30 13:24:55.694,64,911,531,,,,OK,0
2026-06-30 13:20:00.000,5,plants.env,AS7263,as7263,nir_760,60,2026-06-30 13:20:00.765,2026-06-30 13:24:55.771,60,853,454.5,,,,OK,0
2026-06-30 13:20:00.000,5,plants.env,AS7263,as7263,nir_810,60,2026-06-30 13:20:00.843,2026-06-30 13:24:55.847,53,1036,545,,,,OK,0
2026-06-30 13:20:00.000,5,plants.env,AS7263,as7263,nir_860,60,2026-06-30 13:20:00.921,2026-06-30 13:24:55.927,40,787,388.5,,,,OK,0
2026-06-30 13:20:00.000,5,plants.env,SHT45,sht45,ambient_rh,60,2026-06-30 13:20:00.399,2026-06-30 13:24:55.395,28058,29264,28228.5,47.52,49.82,47.845,OK,0
2026-06-30 13:20:00.000,5,plants.env,SHT45,sht45,ambient_temp,60,2026-06-30 13:20:00.326,2026-06-30 13:24:55.333,27394,27423,27406,28.15,28.23,28.18,OK,0
2026-06-30 13:20:00.000,5,plants.soil,UMLIFE_v2_TLC555,s1,soil_moisture,60,2026-06-30 13:20:01.142,2026-06-30 13:24:56.160,3195,3208,3201,,,,OK,0
2026-06-30 13:20:00.000,5,plants.soil,UMLIFE_v2_TLC555,s2,soil_moisture,60,2026-06-30 13:20:01.227,2026-06-30 13:24:56.226,3142,3152,3145,,,,OK,0
2026-06-30 13:20:00.000,5,plants.soil,UMLIFE_v2_TLC555,s3,soil_moisture,60,2026-06-30 13:20:01.000,2026-06-30 13:24:55.994,3182,3189,3185,,,,OK,0
2026-06-30 13:20:00.000,5,plants.soil,UMLIFE_v2_TLC555,s4,soil_moisture,60,2026-06-30 13:20:01.075,2026-06-30 13:24:56.083,3180,3189,3184,,,,OK,0
2026-06-30 13:25:00.000,5,plants.env,AS7263,as7263,nir_610,5,2026-06-30 13:25:00.542,2026-06-30 13:25:20.537,565,8590,6510,,,,OK,0
2026-06-30 13:25:00.000,5,plants.env,AS7263,as7263,nir_680,5,2026-06-30 13:25:00.615,2026-06-30 13:25:20.624,783,51201,26196,,,,OK,2
2026-06-30 13:25:00.000,5,plants.env,AS7263,as7263,nir_730,5,2026-06-30 13:25:00.694,2026-06-30 13:25:20.691,945,7406,6252,,,,OK,0
2026-06-30 13:25:00.000,5,plants.env,AS7263,as7263,nir_760,5,2026-06-30 13:25:00.777,2026-06-30 13:25:20.775,879,11336,10531,,,,OK,0
2026-06-30 13:25:00.000,5,plants.env,AS7263,as7263,nir_810,5,2026-06-30 13:25:00.845,2026-06-30 13:25:20.857,1039,30346,14642,,,,OK,0
2026-06-30 13:25:00.000,5,plants.env,AS7263,as7263,nir_860,5,2026-06-30 13:25:00.935,2026-06-30 13:25:20.942,783,51201,51201,,,,OK,3
2026-06-30 13:25:00.000,5,plants.env,SHT45,sht45,ambient_rh,5,2026-06-30 13:25:00.412,2026-06-30 13:25:20.405,27807,28249,28214,47.04,47.88,47.81,OK,0
2026-06-30 13:25:00.000,5,plants.env,SHT45,sht45,ambient_temp,5,2026-06-30 13:25:00.333,2026-06-30 13:25:20.337,27398,27661,27466,28.16,28.86,28.34,OK,0
2026-06-30 13:25:00.000,5,plants.soil,UMLIFE_v2_TLC555,s1,soil_moisture,5,2026-06-30 13:25:01.164,2026-06-30 13:25:21.169,3199,3207,3203,,,,OK,0
2026-06-30 13:25:00.000,5,plants.soil,UMLIFE_v2_TLC555,s2,soil_moisture,5,2026-06-30 13:25:01.232,2026-06-30 13:25:21.238,3142,3151,3145,,,,OK,0
2026-06-30 13:25:00.000,5,plants.soil,UMLIFE_v2_TLC555,s3,soil_moisture,5,2026-06-30 13:25:01.011,2026-06-30 13:25:21.008,3181,3191,3184,,,,OK,0
2026-06-30 13:25:00.000,5,plants.soil,UMLIFE_v2_TLC555,s4,soil_moisture,5,2026-06-30 13:25:01.089,2026-06-30 13:25:21.090,3182,3191,3183,,,,OK,0
2026-06-30 13:30:00.000,5,plants.env,AS7263,as7263,nir_610,1,2026-06-30 13:34:56.714,2026-06-30 13:34:56.714,6370,6370,6370,,,,OK,0
2026-06-30 13:30:00.000,5,plants.env,AS7263,as7263,nir_680,1,2026-06-30 13:34:56.715,2026-06-30 13:34:56.715,51201,51201,51201,,,,OK,1
2026-06-30 13:30:00.000,5,plants.env,AS7263,as7263,nir_730,1,2026-06-30 13:34:56.716,2026-06-30 13:34:56.716,6143,6143,6143,,,,OK,0
2026-06-30 13:30:00.000,5,plants.env,AS7263,as7263,nir_760,1,2026-06-30 13:34:56.717,2026-06-30 13:34:56.717,11620,11620,11620,,,,OK,0
2026-06-30 13:30:00.000,5,plants.env,AS7263,as7263,nir_810,1,2026-06-30 13:34:56.717,2026-06-30 13:34:56.717,15113,15113,15113,,,,OK,0
2026-06-30 13:30:00.000,5,plants.env,AS7263,as7263,nir_860,1,2026-06-30 13:34:56.717,2026-06-30 13:34:56.717,51201,51201,51201,,,,OK,1
2026-06-30 13:30:00.000,5,plants.env,SHT45,sht45,ambient_rh,1,2026-06-30 13:34:56.712,2026-06-30 13:34:56.712,23704,23704,23704,39.21,39.21,39.21,OK,0
2026-06-30 13:30:00.000,5,plants.env,SHT45,sht45,ambient_temp,1,2026-06-30 13:34:55.345,2026-06-30 13:34:55.345,29337,29337,29337,33.34,33.34,33.34,OK,0
2026-06-30 13:30:00.000,5,plants.soil,UMLIFE_v2_TLC555,s1,soil_moisture,1,2026-06-30 13:34:56.717,2026-06-30 13:34:56.717,3251,3251,3251,,,,OK,0
2026-06-30 13:30:00.000,5,plants.soil,UMLIFE_v2_TLC555,s2,soil_moisture,1,2026-06-30 13:34:56.717,2026-06-30 13:34:56.717,3175,3175,3175,,,,OK,0
2026-06-30 13:30:00.000,5,plants.soil,UMLIFE_v2_TLC555,s3,soil_moisture,1,2026-06-30 13:34:56.717,2026-06-30 13:34:56.717,3204,3204,3204,,,,OK,0
2026-06-30 13:30:00.000,5,plants.soil,UMLIFE_v2_TLC555,s4,soil_moisture,1,2026-06-30 13:34:56.717,2026-06-30 13:34:56.717,3232,3232,3232,,,,OK,0
2026-06-30 13:35:00.000,5,plants.env,AS7263,as7263,nir_610,60,2026-06-30 13:35:00.563,2026-06-30 13:39:55.577,849,6387,5747,,,,OK,0
2026-06-30 13:35:00.000,5,plants.env,AS7263,as7263,nir_680,60,2026-06-30 13:35:00.642,2026-06-30 13:39:55.644,30784,51201,51201,,,,OK,33
2026-06-30 13:35:00.000,5,plants.env,AS7263,as7263,nir_730,60,2026-06-30 13:35:00.721,2026-06-30 13:39:55.727,805,6280,6034,,,,OK,0
2026-06-30 13:35:00.000,5,plants.env,AS7263,as7263,nir_760,60,2026-06-30 13:35:00.797,2026-06-30 13:39:55.813,3067,15409,10838.5,,,,OK,0
2026-06-30 13:35:00.000,5,plants.env,AS7263,as7263,nir_810,60,2026-06-30 13:35:00.885,2026-06-30 13:39:55.894,2987,15374,12492.5,,,,OK,0
2026-06-30 13:35:00.000,5,plants.env,AS7263,as7263,nir_860,60,2026-06-30 13:35:00.963,2026-06-30 13:39:55.976,10735,51201,44243,,,,OK,23
2026-06-30 13:35:00.000,5,plants.env,SHT45,sht45,ambient_rh,60,2026-06-30 13:35:00.437,2026-06-30 13:39:55.444,22478,24265,23717.5,36.87,40.28,39.24,OK,0
2026-06-30 13:35:00.000,5,plants.env,SHT45,sht45,ambient_temp,60,2026-06-30 13:35:00.357,2026-06-30 13:39:55.359,28924,29717,29312.5,32.24,34.35,33.275,OK,0
2026-06-30 13:35:00.000,5,plants.soil,UMLIFE_v2_TLC555,s1,soil_moisture,60,2026-06-30 13:35:01.190,2026-06-30 13:39:56.202,3237,3268,3253,,,,OK,0
2026-06-30 13:35:00.000,5,plants.soil,UMLIFE_v2_TLC555,s2,soil_moisture,60,2026-06-30 13:35:01.259,2026-06-30 13:39:56.279,3161,3191,3174.5,,,,OK,0
2026-06-30 13:35:00.000,5,plants.soil,UMLIFE_v2_TLC555,s3,soil_moisture,60,2026-06-30 13:35:01.027,2026-06-30 13:39:56.044,3183,3217,3195,,,,OK,0
2026-06-30 13:35:00.000,5,plants.soil,UMLIFE_v2_TLC555,s4,soil_moisture,60,2026-06-30 13:35:01.106,2026-06-30 13:39:56.128,3218,3246,3231,,,,OK,0
2026-06-30 13:40:00.000,5,plants.env,AS7263,as7263,nir_610,60,2026-06-30 13:40:00.580,2026-06-30 13:44:59.597,1358,5827,5702,,,,OK,0
2026-06-30 13:40:00.000,5,plants.env,AS7263,as7263,nir_680,60,2026-06-30 13:40:00.662,2026-06-30 13:44:59.681,31939,51201,51201,,,,OK,46
2026-06-30 13:40:00.000,5,plants.env,AS7263,as7263,nir_730,60,2026-06-30 13:40:00.730,2026-06-30 13:44:59.764,1231,6116,5989.5,,,,OK,0
2026-06-30 13:40:00.000,5,plants.env,AS7263,as7263,nir_760,60,2026-06-30 13:40:00.813,2026-06-30 13:44:59.830,2780,11774,10707.5,,,,OK,0
2026-06-30 13:40:00.000,5,plants.env,AS7263,as7263,nir_810,60,2026-06-30 13:40:00.900,2026-06-30 13:44:59.914,3895,13987,12277,,,,OK,0
2026-06-30 13:40:00.000,5,plants.env,AS7263,as7263,nir_860,60,2026-06-30 13:40:00.980,2026-06-30 13:44:59.996,19939,51201,51201,,,,OK,40
2026-06-30 13:40:00.000,5,plants.env,SHT45,sht45,ambient_rh,60,2026-06-30 13:40:00.448,2026-06-30 13:44:59.463,21999,22806,22363.5,35.96,37.5,36.655,OK,0
2026-06-30 13:40:00.000,5,plants.env,SHT45,sht45,ambient_temp,60,2026-06-30 13:40:00.363,2026-06-30 13:44:59.397,29644,30019,29882.5,34.16,35.16,34.795,OK,0
2026-06-30 13:40:00.000,5,plants.soil,UMLIFE_v2_TLC555,s1,soil_moisture,59,2026-06-30 13:40:01.198,2026-06-30 13:44:55.226,3258,3277,3271,,,,OK,0
2026-06-30 13:40:00.000,5,plants.soil,UMLIFE_v2_TLC555,s2,soil_moisture,59,2026-06-30 13:40:01.283,2026-06-30 13:44:55.294,3185,3200,3192,,,,OK,0
2026-06-30 13:40:00.000,5,plants.soil,UMLIFE_v2_TLC555,s3,soil_moisture,59,2026-06-30 13:40:01.057,2026-06-30 13:44:55.075,3217,3232,3224,,,,OK,0
2026-06-30 13:40:00.000,5,plants.soil,UMLIFE_v2_TLC555,s4,soil_moisture,59,2026-06-30 13:40:01.132,2026-06-30 13:44:55.144,3242,3254,3249,,,,OK,0
2026-06-30 13:45:00.000,5,plants.env,AS7263,as7263,nir_610,60,2026-06-30 13:45:04.601,2026-06-30 13:49:59.611,5484,5784,5576,,,,OK,0
2026-06-30 13:45:00.000,5,plants.env,AS7263,as7263,nir_680,60,2026-06-30 13:45:04.672,2026-06-30 13:49:59.696,51147,51201,51201,,,,OK,35
2026-06-30 13:45:00.000,5,plants.env,AS7263,as7263,nir_730,60,2026-06-30 13:45:04.757,2026-06-30 13:49:59.775,5858,6114,5938.5,,,,OK,0
2026-06-30 13:45:00.000,5,plants.env,AS7263,as7263,nir_760,60,2026-06-30 13:45:04.839,2026-06-30 13:49:59.852,10358,11123,10667,,,,OK,0
2026-06-30 13:45:00.000,5,plants.env,AS7263,as7263,nir_810,60,2026-06-30 13:45:04.919,2026-06-30 13:49:59.931,10860,11387,11074.5,,,,OK,0
2026-06-30 13:45:00.000,5,plants.env,AS7263,as7263,nir_860,59,2026-06-30 13:45:04.999,2026-06-30 13:49:55.008,27923,33349,30423,,,,OK,0
2026-06-30 13:45:00.000,5,plants.env,SHT45,sht45,ambient_rh,60,2026-06-30 13:45:04.466,2026-06-30 13:49:59.488,21558,22100,21811.5,35.12,36.15,35.605,OK,0
2026-06-30 13:45:00.000,5,plants.env,SHT45,sht45,ambient_temp,60,2026-06-30 13:45:04.395,2026-06-30 13:49:59.414,30015,30220,30147,35.15,35.7,35.505,OK,0
2026-06-30 13:45:00.000,5,plants.soil,UMLIFE_v2_TLC555,s1,soil_moisture,60,2026-06-30 13:45:00.230,2026-06-30 13:49:55.239,3268,3284,3277,,,,OK,0
2026-06-30 13:45:00.000,5,plants.soil,UMLIFE_v2_TLC555,s2,soil_moisture,60,2026-06-30 13:45:00.297,2026-06-30 13:49:55.308,3190,3203,3198,,,,OK,0
2026-06-30 13:45:00.000,5,plants.soil,UMLIFE_v2_TLC555,s3,soil_moisture,60,2026-06-30 13:45:00.080,2026-06-30 13:49:55.088,3196,3227,3215,,,,OK,0
2026-06-30 13:45:00.000,5,plants.soil,UMLIFE_v2_TLC555,s4,soil_moisture,60,2026-06-30 13:45:00.146,2026-06-30 13:49:55.163,3249,3258,3254.5,,,,OK,0
2026-06-30 13:50:00.000,5,plants.env,AS7263,as7263,nir_610,60,2026-06-30 13:50:04.600,2026-06-30 13:54:59.620,4082,5952,5734,,,,OK,0
2026-06-30 13:50:00.000,5,plants.env,AS7263,as7263,nir_680,60,2026-06-30 13:50:04.681,2026-06-30 13:54:59.702,33462,51201,51201,,,,OK,39
2026-06-30 13:50:00.000,5,plants.env,AS7263,as7263,nir_730,60,2026-06-30 13:50:04.760,2026-06-30 13:54:59.779,5625,7377,5791.5,,,,OK,0
2026-06-30 13:50:00.000,5,plants.env,AS7263,as7263,nir_760,60,2026-06-30 13:50:04.850,2026-06-30 13:54:59.857,10325,11548,10847,,,,OK,0
2026-06-30 13:50:00.000,5,plants.env,AS7263,as7263,nir_810,60,2026-06-30 13:50:04.928,2026-06-30 13:54:59.950,7454,10828,9597,,,,OK,0
2026-06-30 13:50:00.000,5,plants.env,AS7263,as7263,nir_860,60,2026-06-30 13:50:00.012,2026-06-30 13:54:55.010,12433,27912,13809.5,,,,OK,0
2026-06-30 13:50:00.000,5,plants.env,SHT45,sht45,ambient_rh,60,2026-06-30 13:50:04.474,2026-06-30 13:54:59.493,21422,23248,21722.5,34.86,38.34,35.43,OK,0
2026-06-30 13:50:00.000,5,plants.env,SHT45,sht45,ambient_temp,60,2026-06-30 13:50:04.395,2026-06-30 13:54:59.427,29383,30247,30154,33.46,35.77,35.52,OK,0
2026-06-30 13:50:00.000,5,plants.soil,UMLIFE_v2_TLC555,s1,soil_moisture,60,2026-06-30 13:50:00.245,2026-06-30 13:54:55.238,3258,3275,3268,,,,OK,0
2026-06-30 13:50:00.000,5,plants.soil,UMLIFE_v2_TLC555,s2,soil_moisture,60,2026-06-30 13:50:00.320,2026-06-30 13:54:55.318,3165,3195,3189,,,,OK,0
2026-06-30 13:50:00.000,5,plants.soil,UMLIFE_v2_TLC555,s3,soil_moisture,60,2026-06-30 13:50:00.084,2026-06-30 13:54:55.098,3183,3197,3191,,,,OK,0
2026-06-30 13:50:00.000,5,plants.soil,UMLIFE_v2_TLC555,s4,soil_moisture,60,2026-06-30 13:50:00.165,2026-06-30 13:54:55.159,3213,3252,3242.5,,,,OK,0
2026-06-30 13:55:00.000,5,plants.env,AS7263,as7263,nir_610,60,2026-06-30 13:55:04.628,2026-06-30 13:59:59.641,4391,5807,5432.5,,,,OK,0
2026-06-30 13:55:00.000,5,plants.env,AS7263,as7263,nir_680,60,2026-06-30 13:55:04.707,2026-06-30 13:59:59.715,33452,51201,44626.5,,,,OK,9
2026-06-30 13:55:00.000,5,plants.env,AS7263,as7263,nir_730,60,2026-06-30 13:55:04.780,2026-06-30 13:59:59.793,4510,5996,5535,,,,OK,0
2026-06-30 13:55:00.000,5,plants.env,AS7263,as7263,nir_760,60,2026-06-30 13:55:04.862,2026-06-30 13:59:59.873,8347,10785,10068,,,,OK,0
2026-06-30 13:55:00.000,5,plants.env,AS7263,as7263,nir_810,60,2026-06-30 13:55:04.939,2026-06-30 13:59:59.948,7536,9560,9037,,,,OK,0
2026-06-30 13:55:00.000,5,plants.env,AS7263,as7263,nir_860,60,2026-06-30 13:55:00.028,2026-06-30 13:59:55.037,11093,13457,12676.5,,,,OK,0
2026-06-30 13:55:00.000,5,plants.env,SHT45,sht45,ambient_rh,60,2026-06-30 13:55:04.485,2026-06-30 13:59:59.499,23311,25794,24499.5,38.46,43.2,40.73,OK,0
2026-06-30 13:55:00.000,5,plants.env,SHT45,sht45,ambient_temp,60,2026-06-30 13:55:04.422,2026-06-30 13:59:59.434,28445,29356,28785,30.96,33.39,31.865,OK,0
2026-06-30 13:55:00.000,5,plants.soil,UMLIFE_v2_TLC555,s1,soil_moisture,60,2026-06-30 13:55:00.250,2026-06-30 13:59:55.266,3227,3260,3252,,,,OK,0
2026-06-30 13:55:00.000,5,plants.soil,UMLIFE_v2_TLC555,s2,soil_moisture,60,2026-06-30 13:55:00.333,2026-06-30 13:59:55.342,1476,3166,3156,,,,OK,0
2026-06-30 13:55:00.000,5,plants.soil,UMLIFE_v2_TLC555,s3,soil_moisture,60,2026-06-30 13:55:00.092,2026-06-30 13:59:55.108,3179,3186,3182,,,,OK,0
2026-06-30 13:55:00.000,5,plants.soil,UMLIFE_v2_TLC555,s4,soil_moisture,60,2026-06-30 13:55:00.174,2026-06-30 13:59:55.188,3191,3214,3201.5,,,,OK,0
2026-06-30 14:00:00.000,5,plants.env,AS7263,as7263,nir_610,60,2026-06-30 14:00:04.635,2026-06-30 14:04:59.644,578,4208,628.5,,,,OK,0
2026-06-30 14:00:00.000,5,plants.env,AS7263,as7263,nir_680,60,2026-06-30 14:00:04.720,2026-06-30 14:04:59.731,12918,32496,14130,,,,OK,0
2026-06-30 14:00:00.000,5,plants.env,AS7263,as7263,nir_730,60,2026-06-30 14:00:04.793,2026-06-30 14:04:59.813,586,4334,657,,,,OK,0
2026-06-30 14:00:00.000,5,plants.env,AS7263,as7263,nir_760,60,2026-06-30 14:00:04.880,2026-06-30 14:04:59.882,2443,8074,2678,,,,OK,0
2026-06-30 14:00:00.000,5,plants.env,AS7263,as7263,nir_810,60,2026-06-30 14:00:04.946,2026-06-30 14:04:59.972,2093,7272,2296,,,,OK,0
2026-06-30 14:00:00.000,5,plants.env,AS7263,as7263,nir_860,60,2026-06-30 14:00:00.041,2026-06-30 14:04:55.046,4195,10777,4596.5,,,,OK,0
2026-06-30 14:00:00.000,5,plants.env,SHT45,sht45,ambient_rh,60,2026-06-30 14:00:04.510,2026-06-30 14:04:59.517,25377,26655,25844.5,42.4,44.84,43.295,OK,0
2026-06-30 14:00:00.000,5,plants.env,SHT45,sht45,ambient_temp,60,2026-06-30 14:00:04.431,2026-06-30 14:04:59.438,28129,28434,28260,30.11,30.93,30.46,OK,0
2026-06-30 14:00:00.000,5,plants.soil,UMLIFE_v2_TLC555,s1,soil_moisture,60,2026-06-30 14:00:00.270,2026-06-30 14:04:55.279,3211,3231,3215.5,,,,OK,0
2026-06-30 14:00:00.000,5,plants.soil,UMLIFE_v2_TLC555,s2,soil_moisture,60,2026-06-30 14:00:00.344,2026-06-30 14:04:55.343,3141,3154,3146,,,,OK,0
2026-06-30 14:00:00.000,5,plants.soil,UMLIFE_v2_TLC555,s3,soil_moisture,60,2026-06-30 14:00:00.113,2026-06-30 14:04:55.129,3174,3184,3178,,,,OK,0
2026-06-30 14:00:00.000,5,plants.soil,UMLIFE_v2_TLC555,s4,soil_moisture,60,2026-06-30 14:00:00.191,2026-06-30 14:04:55.193,3185,3197,3189.5,,,,OK,0
2026-06-30 14:05:00.000,5,plants.env,AS7263,as7263,nir_610,60,2026-06-30 14:05:04.654,2026-06-30 14:09:59.666,389,578,508,,,,OK,0
2026-06-30 14:05:00.000,5,plants.env,AS7263,as7263,nir_680,60,2026-06-30 14:05:04.732,2026-06-30 14:09:59.743,9348,13859,11693.5,,,,OK,0
2026-06-30 14:05:00.000,5,plants.env,AS7263,as7263,nir_730,60,2026-06-30 14:05:04.813,2026-06-30 14:09:59.826,455,703,637.5,,,,OK,0
2026-06-30 14:05:00.000,5,plants.env,AS7263,as7263,nir_760,60,2026-06-30 14:05:04.891,2026-06-30 14:09:59.896,2266,3602,3143,,,,OK,0
2026-06-30 14:05:00.000,5,plants.env,AS7263,as7263,nir_810,60,2026-06-30 14:05:04.973,2026-06-30 14:09:59.986,858,2140,1246.5,,,,OK,0
2026-06-30 14:05:00.000,5,plants.env,AS7263,as7263,nir_860,60,2026-06-30 14:05:00.052,2026-06-30 14:09:55.062,1410,4363,2054.5,,,,OK,0
2026-06-30 14:05:00.000,5,plants.env,SHT45,sht45,ambient_rh,60,2026-06-30 14:05:04.510,2026-06-30 14:09:59.529,26645,27391,27049,44.82,46.24,45.595,OK,0
2026-06-30 14:05:00.000,5,plants.env,SHT45,sht45,ambient_temp,60,2026-06-30 14:05:04.447,2026-06-30 14:09:59.462,27955,28125,27992,29.65,30.1,29.75,OK,0
2026-06-30 14:05:00.000,5,plants.soil,UMLIFE_v2_TLC555,s1,soil_moisture,60,2026-06-30 14:05:00.279,2026-06-30 14:09:55.294,3209,3217,3213,,,,OK,0
2026-06-30 14:05:00.000,5,plants.soil,UMLIFE_v2_TLC555,s2,soil_moisture,60,2026-06-30 14:05:00.349,2026-06-30 14:09:55.361,3140,3149,3144,,,,OK,0
2026-06-30 14:05:00.000,5,plants.soil,UMLIFE_v2_TLC555,s3,soil_moisture,60,2026-06-30 14:05:00.128,2026-06-30 14:09:55.140,3176,3181,3179,,,,OK,0
2026-06-30 14:05:00.000,5,plants.soil,UMLIFE_v2_TLC555,s4,soil_moisture,60,2026-06-30 14:05:00.205,2026-06-30 14:09:55.218,3186,3191,3189,,,,OK,0
2026-06-30 14:10:00.000,5,plants.env,AS7263,as7263,nir_610,60,2026-06-30 14:10:04.664,2026-06-30 14:14:59.677,85,1348,457,,,,OK,0
2026-06-30 14:10:00.000,5,plants.env,AS7263,as7263,nir_680,60,2026-06-30 14:10:04.746,2026-06-30 14:14:59.759,152,10819,9757.5,,,,OK,0
2026-06-30 14:10:00.000,5,plants.env,AS7263,as7263,nir_730,60,2026-06-30 14:10:04.822,2026-06-30 14:14:59.839,190,608,569.5,,,,OK,0
2026-06-30 14:10:00.000,5,plants.env,AS7263,as7263,nir_760,60,2026-06-30 14:10:04.901,2026-06-30 14:14:59.918,169,3018,2748.5,,,,OK,0
2026-06-30 14:10:00.000,5,plants.env,AS7263,as7263,nir_810,60,2026-06-30 14:10:04.980,2026-06-30 14:14:59.998,161,3113,1138,,,,OK,0
2026-06-30 14:10:00.000,5,plants.env,AS7263,as7263,nir_860,60,2026-06-30 14:10:00.064,2026-06-30 14:14:55.070,190,3226,1878,,,,OK,0
2026-06-30 14:10:00.000,5,plants.env,SHT45,sht45,ambient_rh,60,2026-06-30 14:10:04.526,2026-06-30 14:14:59.550,27016,31342,27504,45.53,53.78,46.46,OK,0
2026-06-30 14:10:00.000,5,plants.env,SHT45,sht45,ambient_temp,60,2026-06-30 14:10:04.461,2026-06-30 14:14:59.476,27711,27968,27935,29,29.68,29.595,OK,0
2026-06-30 14:10:00.000,5,plants.soil,UMLIFE_v2_TLC555,s1,soil_moisture,60,2026-06-30 14:10:00.295,2026-06-30 14:14:55.307,1694,3215,3211.5,,,,OK,0
2026-06-30 14:10:00.000,5,plants.soil,UMLIFE_v2_TLC555,s2,soil_moisture,60,2026-06-30 14:10:00.364,2026-06-30 14:14:55.375,3064,3163,3144,,,,OK,0
2026-06-30 14:10:00.000,5,plants.soil,UMLIFE_v2_TLC555,s3,soil_moisture,60,2026-06-30 14:10:00.142,2026-06-30 14:14:55.149,3019,3198,3179,,,,OK,0
2026-06-30 14:10:00.000,5,plants.soil,UMLIFE_v2_TLC555,s4,soil_moisture,60,2026-06-30 14:10:00.212,2026-06-30 14:14:55.228,2199,3201,3189,,,,OK,0
2026-06-30 14:15:00.000,5,plants.env,AS7263,as7263,nir_610,60,2026-06-30 14:15:04.674,2026-06-30 14:19:59.678,538,972,919,,,,OK,0
2026-06-30 14:15:00.000,5,plants.env,AS7263,as7263,nir_680,60,2026-06-30 14:15:04.758,2026-06-30 14:19:59.773,1195,2298,2182,,,,OK,0
2026-06-30 14:15:00.000,5,plants.env,AS7263,as7263,nir_730,60,2026-06-30 14:15:04.839,2026-06-30 14:19:59.852,227,427,403.5,,,,OK,0
2026-06-30 14:15:00.000,5,plants.env,AS7263,as7263,nir_760,60,2026-06-30 14:15:04.918,2026-06-30 14:19:59.931,584,1138,1079.5,,,,OK,0
2026-06-30 14:15:00.000,5,plants.env,AS7263,as7263,nir_810,59,2026-06-30 14:15:04.998,2026-06-30 14:19:55.010,1484,2848,2691,,,,OK,0
2026-06-30 14:15:00.000,5,plants.env,AS7263,as7263,nir_860,60,2026-06-30 14:15:00.077,2026-06-30 14:19:55.089,1704,3270,3073,,,,OK,0
2026-06-30 14:15:00.000,5,plants.env,SHT45,sht45,ambient_rh,60,2026-06-30 14:15:04.536,2026-06-30 14:19:59.564,28279,28819,28560,47.94,48.97,48.475,OK,0
2026-06-30 14:15:00.000,5,plants.env,SHT45,sht45,ambient_temp,60,2026-06-30 14:15:04.476,2026-06-30 14:19:59.486,27546,27696,27593.5,28.56,28.96,28.685,OK,0
2026-06-30 14:15:00.000,5,plants.soil,UMLIFE_v2_TLC555,s1,soil_moisture,60,2026-06-30 14:15:00.307,2026-06-30 14:19:55.317,3192,3219,3201,,,,OK,0
2026-06-30 14:15:00.000,5,plants.soil,UMLIFE_v2_TLC555,s2,soil_moisture,60,2026-06-30 14:15:00.370,2026-06-30 14:19:55.395,3131,3148,3139,,,,OK,0
2026-06-30 14:15:00.000,5,plants.soil,UMLIFE_v2_TLC555,s3,soil_moisture,60,2026-06-30 14:15:00.148,2026-06-30 14:19:55.167,3155,3177,3166,,,,OK,0
2026-06-30 14:15:00.000,5,plants.soil,UMLIFE_v2_TLC555,s4,soil_moisture,60,2026-06-30 14:15:00.227,2026-06-30 14:19:55.230,3177,3201,3188,,,,OK,0
2026-06-30 14:20:00.000,5,plants.env,AS7263,as7263,nir_610,60,2026-06-30 14:20:04.693,2026-06-30 14:24:59.702,628,1336,1084,,,,OK,0
2026-06-30 14:20:00.000,5,plants.env,AS7263,as7263,nir_680,60,2026-06-30 14:20:04.765,2026-06-30 14:24:59.786,1443,3477,2378.5,,,,OK,0
2026-06-30 14:20:00.000,5,plants.env,AS7263,as7263,nir_730,60,2026-06-30 14:20:04.852,2026-06-30 14:24:59.865,274,507,438,,,,OK,0
2026-06-30 14:20:00.000,5,plants.env,AS7263,as7263,nir_760,60,2026-06-30 14:20:04.918,2026-06-30 14:24:59.945,707,1634,1191.5,,,,OK,0
2026-06-30 14:20:00.000,5,plants.env,AS7263,as7263,nir_810,60,2026-06-30 14:20:00.011,2026-06-30 14:24:55.012,1705,4494,3066,,,,OK,0
2026-06-30 14:20:00.000,5,plants.env,AS7263,as7263,nir_860,60,2026-06-30 14:20:00.090,2026-06-30 14:24:55.091,1965,5186,3479.5,,,,OK,0
2026-06-30 14:20:00.000,5,plants.env,SHT45,sht45,ambient_rh,60,2026-06-30 14:20:04.551,2026-06-30 14:24:59.570,28477,28938,28551,48.32,49.2,48.46,OK,0
2026-06-30 14:20:00.000,5,plants.env,SHT45,sht45,ambient_temp,60,2026-06-30 14:20:04.476,2026-06-30 14:24:59.491,27513,27551,27528.5,28.47,28.57,28.51,OK,0
2026-06-30 14:20:00.000,5,plants.soil,UMLIFE_v2_TLC555,s1,soil_moisture,60,2026-06-30 14:20:00.308,2026-06-30 14:24:55.333,3189,3200,3194,,,,OK,0
2026-06-30 14:20:00.000,5,plants.soil,UMLIFE_v2_TLC555,s2,soil_moisture,60,2026-06-30 14:20:00.382,2026-06-30 14:24:55.409,3127,3144,3135,,,,OK,0
2026-06-30 14:20:00.000,5,plants.soil,UMLIFE_v2_TLC555,s3,soil_moisture,60,2026-06-30 14:20:00.167,2026-06-30 14:24:55.171,3150,3168,3163,,,,OK,0
2026-06-30 14:20:00.000,5,plants.soil,UMLIFE_v2_TLC555,s4,soil_moisture,60,2026-06-30 14:20:00.243,2026-06-30 14:24:55.251,3170,3191,3181,,,,OK,0
2026-06-30 14:25:00.000,5,plants.env,AS7263,as7263,nir_610,60,2026-06-30 14:25:04.694,2026-06-30 14:29:59.714,757,1208,919.5,,,,OK,0
2026-06-30 14:25:00.000,5,plants.env,AS7263,as7263,nir_680,60,2026-06-30 14:25:04.773,2026-06-30 14:29:59.798,1801,3409,2286,,,,OK,0
2026-06-30 14:25:00.000,5,plants.env,AS7263,as7263,nir_730,60,2026-06-30 14:25:04.854,2026-06-30 14:29:59.866,355,502,442,,,,OK,0
2026-06-30 14:25:00.000,5,plants.env,AS7263,as7263,nir_760,60,2026-06-30 14:25:04.932,2026-06-30 14:29:59.951,890,1568,1120,,,,OK,0
2026-06-30 14:25:00.000,5,plants.env,AS7263,as7263,nir_810,60,2026-06-30 14:25:00.024,2026-06-30 14:29:55.034,2112,4398,2681.5,,,,OK,0
2026-06-30 14:25:00.000,5,plants.env,AS7263,as7263,nir_860,60,2026-06-30 14:25:00.103,2026-06-30 14:29:55.116,2425,5170,3236.5,,,,OK,0
2026-06-30 14:25:00.000,5,plants.env,SHT45,sht45,ambient_rh,60,2026-06-30 14:25:04.568,2026-06-30 14:29:59.589,28484,29213,28566,48.33,49.72,48.485,OK,0
2026-06-30 14:25:00.000,5,plants.env,SHT45,sht45,ambient_temp,60,2026-06-30 14:25:04.501,2026-06-30 14:29:59.514,27510,27543,27521,28.46,28.55,28.49,OK,0
2026-06-30 14:25:00.000,5,plants.soil,UMLIFE_v2_TLC555,s1,soil_moisture,60,2026-06-30 14:25:00.334,2026-06-30 14:29:55.334,3189,3200,3193,,,,OK,0
2026-06-30 14:25:00.000,5,plants.soil,UMLIFE_v2_TLC555,s2,soil_moisture,60,2026-06-30 14:25:00.404,2026-06-30 14:29:55.412,3126,3143,3133,,,,OK,0
2026-06-30 14:25:00.000,5,plants.soil,UMLIFE_v2_TLC555,s3,soil_moisture,60,2026-06-30 14:25:00.182,2026-06-30 14:29:55.194,3153,3167,3160.5,,,,OK,0
2026-06-30 14:25:00.000,5,plants.soil,UMLIFE_v2_TLC555,s4,soil_moisture,60,2026-06-30 14:25:00.247,2026-06-30 14:29:55.257,3173,3186,3180,,,,OK,0
2026-06-30 14:30:00.000,5,plants.env,AS7263,as7263,nir_610,60,2026-06-30 14:30:04.716,2026-06-30 14:34:59.729,766,938,891,,,,OK,0
2026-06-30 14:30:00.000,5,plants.env,AS7263,as7263,nir_680,60,2026-06-30 14:30:04.799,2026-06-30 14:34:59.810,1821,2335,2103.5,,,,OK,0
2026-06-30 14:30:00.000,5,plants.env,AS7263,as7263,nir_730,60,2026-06-30 14:30:04.878,2026-06-30 14:34:59.882,362,425,412.5,,,,OK,0
2026-06-30 14:30:00.000,5,plants.env,AS7263,as7263,nir_760,60,2026-06-30 14:30:04.951,2026-06-30 14:34:59.970,904,1129,1056,,,,OK,0
2026-06-30 14:30:00.000,5,plants.env,AS7263,as7263,nir_810,60,2026-06-30 14:30:00.036,2026-06-30 14:34:55.049,2082,2777,2493,,,,OK,0
2026-06-30 14:30:00.000,5,plants.env,AS7263,as7263,nir_860,60,2026-06-30 14:30:00.114,2026-06-30 14:34:55.129,2391,3268,2835,,,,OK,0
2026-06-30 14:30:00.000,5,plants.env,SHT45,sht45,ambient_rh,60,2026-06-30 14:30:04.589,2026-06-30 14:34:59.601,28507,29018,28583.5,48.37,49.35,48.52,OK,0
2026-06-30 14:30:00.000,5,plants.env,SHT45,sht45,ambient_temp,60,2026-06-30 14:30:04.511,2026-06-30 14:34:59.526,27497,27523,27508,28.43,28.5,28.46,OK,0
2026-06-30 14:30:00.000,5,plants.soil,UMLIFE_v2_TLC555,s1,soil_moisture,60,2026-06-30 14:30:00.345,2026-06-30 14:34:55.348,3189,3198,3194,,,,OK,0
2026-06-30 14:30:00.000,5,plants.soil,UMLIFE_v2_TLC555,s2,soil_moisture,60,2026-06-30 14:30:00.412,2026-06-30 14:34:55.424,3126,3136,3130,,,,OK,0
2026-06-30 14:30:00.000,5,plants.soil,UMLIFE_v2_TLC555,s3,soil_moisture,60,2026-06-30 14:30:00.183,2026-06-30 14:34:55.194,3154,3171,3161,,,,OK,0
2026-06-30 14:30:00.000,5,plants.soil,UMLIFE_v2_TLC555,s4,soil_moisture,60,2026-06-30 14:30:00.262,2026-06-30 14:34:55.281,3172,3182,3175.5,,,,OK,0
2026-06-30 14:35:00.000,5,plants.env,AS7263,as7263,nir_610,60,2026-06-30 14:35:04.720,2026-06-30 14:39:59.745,796,887,867,,,,OK,0
2026-06-30 14:35:00.000,5,plants.env,AS7263,as7263,nir_680,60,2026-06-30 14:35:04.800,2026-06-30 14:39:59.825,1983,2318,2151.5,,,,OK,0
2026-06-30 14:35:00.000,5,plants.env,AS7263,as7263,nir_730,60,2026-06-30 14:35:04.891,2026-06-30 14:39:59.903,375,434,420.5,,,,OK,0
2026-06-30 14:35:00.000,5,plants.env,AS7263,as7263,nir_760,60,2026-06-30 14:35:04.970,2026-06-30 14:39:59.983,967,1113,1064,,,,OK,0
2026-06-30 14:35:00.000,5,plants.env,AS7263,as7263,nir_810,60,2026-06-30 14:35:00.049,2026-06-30 14:39:55.062,2241,2723,2497,,,,OK,0
2026-06-30 14:35:00.000,5,plants.env,AS7263,as7263,nir_860,60,2026-06-30 14:35:00.128,2026-06-30 14:39:55.142,2656,3254,2998.5,,,,OK,0
2026-06-30 14:35:00.000,5,plants.env,SHT45,sht45,ambient_rh,60,2026-06-30 14:35:04.602,2026-06-30 14:39:59.615,28444,28752,28566,48.25,48.84,48.485,OK,0
2026-06-30 14:35:00.000,5,plants.env,SHT45,sht45,ambient_temp,60,2026-06-30 14:35:04.517,2026-06-30 14:39:59.540,27489,27516,27499,28.4,28.48,28.43,OK,0
2026-06-30 14:35:00.000,5,plants.soil,UMLIFE_v2_TLC555,s1,soil_moisture,60,2026-06-30 14:35:00.351,2026-06-30 14:39:55.371,3191,3200,3195,,,,OK,0
2026-06-30 14:35:00.000,5,plants.soil,UMLIFE_v2_TLC555,s2,soil_moisture,60,2026-06-30 14:35:00.433,2026-06-30 14:39:55.447,3126,3139,3132,,,,OK,0
2026-06-30 14:35:00.000,5,plants.soil,UMLIFE_v2_TLC555,s3,soil_moisture,60,2026-06-30 14:35:00.207,2026-06-30 14:39:55.219,3155,3175,3162,,,,OK,0
2026-06-30 14:35:00.000,5,plants.soil,UMLIFE_v2_TLC555,s4,soil_moisture,60,2026-06-30 14:35:00.283,2026-06-30 14:39:55.295,3173,3182,3177,,,,OK,0
2026-06-30 14:40:00.000,5,plants.env,AS7263,as7263,nir_610,60,2026-06-30 14:40:04.745,2026-06-30 14:44:59.746,714,817,778,,,,OK,0
2026-06-30 14:40:00.000,5,plants.env,AS7263,as7263,nir_680,60,2026-06-30 14:40:04.824,2026-06-30 14:44:59.832,1715,2006,1916,,,,OK,0
2026-06-30 14:40:00.000,5,plants.env,AS7263,as7263,nir_730,60,2026-06-30 14:40:04.903,2026-06-30 14:44:59.912,335,413,370,,,,OK,0
2026-06-30 14:40:00.000,5,plants.env,AS7263,as7263,nir_760,60,2026-06-30 14:40:04.983,2026-06-30 14:44:59.991,836,997,944,,,,OK,0
2026-06-30 14:40:00.000,5,plants.env,AS7263,as7263,nir_810,60,2026-06-30 14:40:00.062,2026-06-30 14:44:55.066,1892,2248,2136,,,,OK,0
2026-06-30 14:40:00.000,5,plants.env,AS7263,as7263,nir_860,60,2026-06-30 14:40:00.142,2026-06-30 14:44:55.143,2186,2659,2487,,,,OK,0
2026-06-30 14:40:00.000,5,plants.env,SHT45,sht45,ambient_rh,60,2026-06-30 14:40:04.616,2026-06-30 14:44:59.628,28459,29064,28531.5,48.28,49.44,48.42,OK,0
2026-06-30 14:40:00.000,5,plants.env,SHT45,sht45,ambient_temp,60,2026-06-30 14:40:04.541,2026-06-30 14:44:59.553,27484,27506,27496,28.39,28.45,28.42,OK,0
2026-06-30 14:40:00.000,5,plants.soil,UMLIFE_v2_TLC555,s1,soil_moisture,60,2026-06-30 14:40:00.371,2026-06-30 14:44:55.379,3191,3198,3195,,,,OK,0
2026-06-30 14:40:00.000,5,plants.soil,UMLIFE_v2_TLC555,s2,soil_moisture,60,2026-06-30 14:40:00.447,2026-06-30 14:44:55.457,3127,3137,3131,,,,OK,0
2026-06-30 14:40:00.000,5,plants.soil,UMLIFE_v2_TLC555,s3,soil_moisture,60,2026-06-30 14:40:00.219,2026-06-30 14:44:55.222,3157,3174,3162,,,,OK,0
2026-06-30 14:40:00.000,5,plants.soil,UMLIFE_v2_TLC555,s4,soil_moisture,60,2026-06-30 14:40:00.295,2026-06-30 14:44:55.301,3173,3180,3176,,,,OK,0
2026-06-30 14:45:00.000,5,plants.env,AS7263,as7263,nir_610,60,2026-06-30 14:45:04.750,2026-06-30 14:49:59.763,591,807,764,,,,OK,0
2026-06-30 14:45:00.000,5,plants.env,AS7263,as7263,nir_680,60,2026-06-30 14:45:04.827,2026-06-30 14:49:59.847,1742,4496,1833.5,,,,OK,0
2026-06-30 14:45:00.000,5,plants.env,AS7263,as7263,nir_730,60,2026-06-30 14:45:04.916,2026-06-30 14:49:59.916,308,394,370,,,,OK,0
2026-06-30 14:45:00.000,5,plants.env,AS7263,as7263,nir_760,60,2026-06-30 14:45:04.987,2026-06-30 14:49:59.995,720,1219,911,,,,OK,0
2026-06-30 14:45:00.000,5,plants.env,AS7263,as7263,nir_810,60,2026-06-30 14:45:00.070,2026-06-30 14:49:55.081,1840,2251,2096.5,,,,OK,0
2026-06-30 14:45:00.000,5,plants.env,AS7263,as7263,nir_860,60,2026-06-30 14:45:00.150,2026-06-30 14:49:55.168,2265,2648,2422.5,,,,OK,0
2026-06-30 14:45:00.000,5,plants.env,SHT45,sht45,ambient_rh,60,2026-06-30 14:45:04.628,2026-06-30 14:49:59.640,28531,28986,28619,48.42,49.29,48.59,OK,0
2026-06-30 14:45:00.000,5,plants.env,SHT45,sht45,ambient_temp,60,2026-06-30 14:45:04.551,2026-06-30 14:49:59.567,27481,27551,27491.5,28.38,28.57,28.41,OK,0
2026-06-30 14:45:00.000,5,plants.soil,UMLIFE_v2_TLC555,s1,soil_moisture,60,2026-06-30 14:45:00.384,2026-06-30 14:49:55.397,3190,3201,3195,,,,OK,0
2026-06-30 14:45:00.000,5,plants.soil,UMLIFE_v2_TLC555,s2,soil_moisture,60,2026-06-30 14:45:00.461,2026-06-30 14:49:55.473,3127,3137,3131.5,,,,OK,0
2026-06-30 14:45:00.000,5,plants.soil,UMLIFE_v2_TLC555,s3,soil_moisture,60,2026-06-30 14:45:00.228,2026-06-30 14:49:55.244,3156,3177,3163,,,,OK,0
2026-06-30 14:45:00.000,5,plants.soil,UMLIFE_v2_TLC555,s4,soil_moisture,60,2026-06-30 14:45:00.307,2026-06-30 14:49:55.321,3174,3181,3177,,,,OK,0
2026-06-30 14:50:00.000,5,plants.env,AS7263,as7263,nir_610,60,2026-06-30 14:50:04.766,2026-06-30 14:54:59.774,658,774,691.5,,,,OK,0
2026-06-30 14:50:00.000,5,plants.env,AS7263,as7263,nir_680,60,2026-06-30 14:50:04.851,2026-06-30 14:54:59.854,1496,1756,1594.5,,,,OK,0
2026-06-30 14:50:00.000,5,plants.env,AS7263,as7263,nir_730,60,2026-06-30 14:50:04.919,2026-06-30 14:54:59.932,295,350,321.5,,,,OK,0
2026-06-30 14:50:00.000,5,plants.env,AS7263,as7263,nir_760,59,2026-06-30 14:50:04.998,2026-06-30 14:54:55.022,721,850,772,,,,OK,0
2026-06-30 14:50:00.000,5,plants.env,AS7263,as7263,nir_810,60,2026-06-30 14:50:00.086,2026-06-30 14:54:55.101,1793,2104,1880,,,,OK,0
2026-06-30 14:50:00.000,5,plants.env,AS7263,as7263,nir_860,60,2026-06-30 14:50:00.150,2026-06-30 14:54:55.181,2086,2410,2190,,,,OK,0
2026-06-30 14:50:00.000,5,plants.env,SHT45,sht45,ambient_rh,60,2026-06-30 14:50:04.640,2026-06-30 14:54:59.648,28503,28719,28612,48.37,48.78,48.575,OK,0
2026-06-30 14:50:00.000,5,plants.env,SHT45,sht45,ambient_temp,60,2026-06-30 14:50:04.561,2026-06-30 14:54:59.569,27501,27555,27521,28.44,28.58,28.49,OK,0
2026-06-30 14:50:00.000,5,plants.soil,UMLIFE_v2_TLC555,s1,soil_moisture,60,2026-06-30 14:50:00.388,2026-06-30 14:54:55.399,3192,3200,3196.5,,,,OK,0
2026-06-30 14:50:00.000,5,plants.soil,UMLIFE_v2_TLC555,s2,soil_moisture,60,2026-06-30 14:50:00.467,2026-06-30 14:54:55.486,3126,3136,3131.5,,,,OK,0
2026-06-30 14:50:00.000,5,plants.soil,UMLIFE_v2_TLC555,s3,soil_moisture,60,2026-06-30 14:50:00.229,2026-06-30 14:54:55.257,3156,3169,3162,,,,OK,0
2026-06-30 14:50:00.000,5,plants.soil,UMLIFE_v2_TLC555,s4,soil_moisture,60,2026-06-30 14:50:00.309,2026-06-30 14:54:55.333,3175,3181,3178,,,,OK,0
2026-06-30 14:55:00.000,5,plants.env,AS7263,as7263,nir_610,60,2026-06-30 14:55:04.784,2026-06-30 14:59:59.797,616,855,716,,,,OK,0
2026-06-30 14:55:00.000,5,plants.env,AS7263,as7263,nir_680,60,2026-06-30 14:55:04.855,2026-06-30 14:59:59.876,1382,2054,1613,,,,OK,0
2026-06-30 14:55:00.000,5,plants.env,AS7263,as7263,nir_730,60,2026-06-30 14:55:04.934,2026-06-30 14:59:59.947,269,371,319,,,,OK,0
2026-06-30 14:55:00.000,5,plants.env,AS7263,as7263,nir_760,60,2026-06-30 14:55:00.021,2026-06-30 14:59:55.032,655,960,775,,,,OK,0
2026-06-30 14:55:00.000,5,plants.env,AS7263,as7263,nir_810,60,2026-06-30 14:55:00.102,2026-06-30 14:59:55.111,1643,2596,1936.5,,,,OK,0
2026-06-30 14:55:00.000,5,plants.env,AS7263,as7263,nir_860,60,2026-06-30 14:55:00.180,2026-06-30 14:59:55.186,1920,3047,2237,,,,OK,0
2026-06-30 14:55:00.000,5,plants.env,SHT45,sht45,ambient_rh,60,2026-06-30 14:55:04.653,2026-06-30 14:59:59.666,28661,28853,28704,48.67,49.03,48.75,OK,0
2026-06-30 14:55:00.000,5,plants.env,SHT45,sht45,ambient_temp,60,2026-06-30 14:55:04.579,2026-06-30 14:59:59.593,27488,27517,27502.5,28.4,28.48,28.44,OK,0
2026-06-30 14:55:00.000,5,plants.soil,UMLIFE_v2_TLC555,s1,soil_moisture,60,2026-06-30 14:55:00.401,2026-06-30 14:59:55.414,3193,3202,3197,,,,OK,0
2026-06-30 14:55:00.000,5,plants.soil,UMLIFE_v2_TLC555,s2,soil_moisture,60,2026-06-30 14:55:00.480,2026-06-30 14:59:55.493,3128,3137,3133,,,,OK,0
2026-06-30 14:55:00.000,5,plants.soil,UMLIFE_v2_TLC555,s3,soil_moisture,60,2026-06-30 14:55:00.244,2026-06-30 14:59:55.271,3157,3169,3163.5,,,,OK,0
2026-06-30 14:55:00.000,5,plants.soil,UMLIFE_v2_TLC555,s4,soil_moisture,60,2026-06-30 14:55:00.334,2026-06-30 14:59:55.344,3175,3183,3179,,,,OK,0
2026-06-30 15:00:00.000,5,plants.env,AS7263,as7263,nir_610,60,2026-06-30 15:00:04.796,2026-06-30 15:04:59.806,790,907,839.5,,,,OK,0
2026-06-30 15:00:00.000,5,plants.env,AS7263,as7263,nir_680,60,2026-06-30 15:00:04.871,2026-06-30 15:04:59.886,1993,2206,2124,,,,OK,0
2026-06-30 15:00:00.000,5,plants.env,AS7263,as7263,nir_730,60,2026-06-30 15:00:04.956,2026-06-30 15:04:59.953,373,394,383,,,,OK,0
2026-06-30 15:00:00.000,5,plants.env,AS7263,as7263,nir_760,60,2026-06-30 15:00:00.034,2026-06-30 15:04:55.034,938,1024,987.5,,,,OK,0
2026-06-30 15:00:00.000,5,plants.env,AS7263,as7263,nir_810,60,2026-06-30 15:00:00.102,2026-06-30 15:04:55.127,2467,2802,2632.5,,,,OK,0
2026-06-30 15:00:00.000,5,plants.env,AS7263,as7263,nir_860,60,2026-06-30 15:00:00.193,2026-06-30 15:04:55.207,3017,3378,3149.5,,,,OK,0
2026-06-30 15:00:00.000,5,plants.env,SHT45,sht45,ambient_rh,60,2026-06-30 15:00:04.653,2026-06-30 15:04:59.680,28638,28763,28696.5,48.62,48.86,48.735,OK,0
2026-06-30 15:00:00.000,5,plants.env,SHT45,sht45,ambient_temp,60,2026-06-30 15:00:04.592,2026-06-30 15:04:59.602,27498,27524,27509,28.43,28.5,28.46,OK,0
2026-06-30 15:00:00.000,5,plants.soil,UMLIFE_v2_TLC555,s1,soil_moisture,60,2026-06-30 15:00:00.418,2026-06-30 15:04:55.433,3193,3202,3198,,,,OK,0
2026-06-30 15:00:00.000,5,plants.soil,UMLIFE_v2_TLC555,s2,soil_moisture,60,2026-06-30 15:00:00.498,2026-06-30 15:04:55.511,3127,3139,3134,,,,OK,0
2026-06-30 15:00:00.000,5,plants.soil,UMLIFE_v2_TLC555,s3,soil_moisture,60,2026-06-30 15:00:00.267,2026-06-30 15:04:55.284,3153,3175,3164.5,,,,OK,0
2026-06-30 15:00:00.000,5,plants.soil,UMLIFE_v2_TLC555,s4,soil_moisture,60,2026-06-30 15:00:00.346,2026-06-30 15:04:55.359,3176,3186,3180,,,,OK,0
2026-06-30 15:05:00.000,5,plants.env,AS7263,as7263,nir_610,60,2026-06-30 15:05:04.809,2026-06-30 15:09:59.817,677,793,725,,,,OK,0
2026-06-30 15:05:00.000,5,plants.env,AS7263,as7263,nir_680,60,2026-06-30 15:05:04.886,2026-06-30 15:09:59.902,1563,2008,1700.5,,,,OK,0
2026-06-30 15:05:00.000,5,plants.env,AS7263,as7263,nir_730,60,2026-06-30 15:05:04.968,2026-06-30 15:09:59.968,341,382,358,,,,OK,0
2026-06-30 15:05:00.000,5,plants.env,AS7263,as7263,nir_760,60,2026-06-30 15:05:00.043,2026-06-30 15:09:55.046,774,931,824,,,,OK,0
2026-06-30 15:05:00.000,5,plants.env,AS7263,as7263,nir_810,60,2026-06-30 15:05:00.124,2026-06-30 15:09:55.135,1734,2443,1927,,,,OK,0
2026-06-30 15:05:00.000,5,plants.env,AS7263,as7263,nir_860,60,2026-06-30 15:05:00.203,2026-06-30 15:09:55.205,2021,2994,2342,,,,OK,0
2026-06-30 15:05:00.000,5,plants.env,SHT45,sht45,ambient_rh,60,2026-06-30 15:05:04.675,2026-06-30 15:09:59.692,28679,29009,28743.5,48.7,49.33,48.825,OK,0
2026-06-30 15:05:00.000,5,plants.env,SHT45,sht45,ambient_temp,60,2026-06-30 15:05:04.605,2026-06-30 15:09:59.613,27499,27527,27510,28.43,28.51,28.46,OK,0
2026-06-30 15:05:00.000,5,plants.soil,UMLIFE_v2_TLC555,s1,soil_moisture,60,2026-06-30 15:05:00.419,2026-06-30 15:09:55.441,3195,3205,3199.5,,,,OK,0
2026-06-30 15:05:00.000,5,plants.soil,UMLIFE_v2_TLC555,s2,soil_moisture,60,2026-06-30 15:05:00.509,2026-06-30 15:09:55.521,3130,3138,3135,,,,OK,0
2026-06-30 15:05:00.000,5,plants.soil,UMLIFE_v2_TLC555,s3,soil_moisture,60,2026-06-30 15:05:00.270,2026-06-30 15:09:55.297,3138,3176,3164.5,,,,OK,0
2026-06-30 15:05:00.000,5,plants.soil,UMLIFE_v2_TLC555,s4,soil_moisture,60,2026-06-30 15:05:00.353,2026-06-30 15:09:55.362,3179,3186,3182,,,,OK,0
2026-06-30 15:10:00.000,5,plants.env,AS7263,as7263,nir_610,60,2026-06-30 15:10:04.823,2026-06-30 15:14:59.834,597,682,657.5,,,,OK,0
2026-06-30 15:10:00.000,5,plants.env,AS7263,as7263,nir_680,60,2026-06-30 15:10:04.902,2026-06-30 15:14:59.911,1357,1550,1515,,,,OK,0
2026-06-30 15:10:00.000,5,plants.env,AS7263,as7263,nir_730,60,2026-06-30 15:10:04.981,2026-06-30 15:14:59.994,308,342,339,,,,OK,0
2026-06-30 15:10:00.000,5,plants.env,AS7263,as7263,nir_760,60,2026-06-30 15:10:00.061,2026-06-30 15:14:55.065,674,772,751,,,,OK,0
2026-06-30 15:10:00.000,5,plants.env,AS7263,as7263,nir_810,60,2026-06-30 15:10:00.140,2026-06-30 15:14:55.145,1477,1721,1667,,,,OK,0
2026-06-30 15:10:00.000,5,plants.env,AS7263,as7263,nir_860,60,2026-06-30 15:10:00.219,2026-06-30 15:14:55.232,1730,2013,1957,,,,OK,0
2026-06-30 15:10:00.000,5,plants.env,SHT45,sht45,ambient_rh,60,2026-06-30 15:10:04.690,2026-06-30 15:14:59.705,28763,29139,28845,48.86,49.58,49.02,OK,0
2026-06-30 15:10:00.000,5,plants.env,SHT45,sht45,ambient_temp,60,2026-06-30 15:10:04.616,2026-06-30 15:14:59.630,27498,27519,27510,28.43,28.48,28.46,OK,0
2026-06-30 15:10:00.000,5,plants.soil,UMLIFE_v2_TLC555,s1,soil_moisture,60,2026-06-30 15:10:00.437,2026-06-30 15:14:55.461,3194,3202,3199,,,,OK,0
2026-06-30 15:10:00.000,5,plants.soil,UMLIFE_v2_TLC555,s2,soil_moisture,60,2026-06-30 15:10:00.520,2026-06-30 15:14:55.532,3129,3139,3134,,,,OK,0
2026-06-30 15:10:00.000,5,plants.soil,UMLIFE_v2_TLC555,s3,soil_moisture,60,2026-06-30 15:10:00.297,2026-06-30 15:14:55.309,3136,3175,3151.5,,,,OK,0
2026-06-30 15:10:00.000,5,plants.soil,UMLIFE_v2_TLC555,s4,soil_moisture,60,2026-06-30 15:10:00.373,2026-06-30 15:14:55.383,3178,3184,3181,,,,OK,0
2026-06-30 15:15:00.000,5,plants.env,AS7263,as7263,nir_610,60,2026-06-30 15:15:04.825,2026-06-30 15:19:59.847,613,640,629.5,,,,OK,0
2026-06-30 15:15:00.000,5,plants.env,AS7263,as7263,nir_680,60,2026-06-30 15:15:04.905,2026-06-30 15:19:59.925,1411,1478,1451.5,,,,OK,0
2026-06-30 15:15:00.000,5,plants.env,AS7263,as7263,nir_730,59,2026-06-30 15:15:04.990,2026-06-30 15:19:54.995,325,339,335,,,,OK,0
2026-06-30 15:15:00.000,5,plants.env,AS7263,as7263,nir_760,60,2026-06-30 15:15:00.073,2026-06-30 15:19:55.075,683,735,726.5,,,,OK,0
2026-06-30 15:15:00.000,5,plants.env,AS7263,as7263,nir_810,60,2026-06-30 15:15:00.153,2026-06-30 15:19:55.155,1491,1611,1575,,,,OK,0
2026-06-30 15:15:00.000,5,plants.env,AS7263,as7263,nir_860,60,2026-06-30 15:15:00.232,2026-06-30 15:19:55.235,1747,1897,1861,,,,OK,0
2026-06-30 15:15:00.000,5,plants.env,SHT45,sht45,ambient_rh,60,2026-06-30 15:15:04.697,2026-06-30 15:19:59.704,28804,29074,28950.5,48.94,49.46,49.22,OK,0
2026-06-30 15:15:00.000,5,plants.env,SHT45,sht45,ambient_temp,60,2026-06-30 15:15:04.617,2026-06-30 15:19:59.640,27498,27517,27508,28.43,28.48,28.46,OK,0
2026-06-30 15:15:00.000,5,plants.soil,UMLIFE_v2_TLC555,s1,soil_moisture,60,2026-06-30 15:15:00.453,2026-06-30 15:19:55.472,3193,3201,3198,,,,OK,0
2026-06-30 15:15:00.000,5,plants.soil,UMLIFE_v2_TLC555,s2,soil_moisture,60,2026-06-30 15:15:00.536,2026-06-30 15:19:55.543,3126,3136,3133,,,,OK,0
2026-06-30 15:15:00.000,5,plants.soil,UMLIFE_v2_TLC555,s3,soil_moisture,60,2026-06-30 15:15:00.306,2026-06-30 15:19:55.313,3144,3173,3159,,,,OK,0
2026-06-30 15:15:00.000,5,plants.soil,UMLIFE_v2_TLC555,s4,soil_moisture,60,2026-06-30 15:15:00.370,2026-06-30 15:19:55.392,3176,3185,3181,,,,OK,0
2026-06-30 15:20:00.000,5,plants.env,AS7263,as7263,nir_610,60,2026-06-30 15:20:04.848,2026-06-30 15:24:59.850,610,641,629,,,,OK,0
2026-06-30 15:20:00.000,5,plants.env,AS7263,as7263,nir_680,60,2026-06-30 15:20:04.928,2026-06-30 15:24:59.940,1391,1483,1457.5,,,,OK,0
2026-06-30 15:20:00.000,5,plants.env,AS7263,as7263,nir_730,60,2026-06-30 15:20:00.007,2026-06-30 15:24:55.020,337,347,343.5,,,,OK,0
2026-06-30 15:20:00.000,5,plants.env,AS7263,as7263,nir_760,60,2026-06-30 15:20:00.084,2026-06-30 15:24:55.099,709,741,733,,,,OK,0
2026-06-30 15:20:00.000,5,plants.env,AS7263,as7263,nir_810,60,2026-06-30 15:20:00.164,2026-06-30 15:24:55.178,1507,1614,1577,,,,OK,0
2026-06-30 15:20:00.000,5,plants.env,AS7263,as7263,nir_860,60,2026-06-30 15:20:00.242,2026-06-30 15:24:55.257,1776,1898,1851,,,,OK,0
2026-06-30 15:20:00.000,5,plants.env,SHT45,sht45,ambient_rh,60,2026-06-30 15:20:04.703,2026-06-30 15:24:59.718,28917,29238,29002,49.16,49.77,49.32,OK,0
2026-06-30 15:20:00.000,5,plants.env,SHT45,sht45,ambient_temp,60,2026-06-30 15:20:04.644,2026-06-30 15:24:59.647,27498,27527,27512.5,28.43,28.51,28.47,OK,0
2026-06-30 15:20:00.000,5,plants.soil,UMLIFE_v2_TLC555,s1,soil_moisture,60,2026-06-30 15:20:00.468,2026-06-30 15:24:55.488,3192,3200,3195,,,,OK,0
2026-06-30 15:20:00.000,5,plants.soil,UMLIFE_v2_TLC555,s2,soil_moisture,60,2026-06-30 15:20:00.548,2026-06-30 15:24:55.564,3126,3136,3130,,,,OK,0
2026-06-30 15:20:00.000,5,plants.soil,UMLIFE_v2_TLC555,s3,soil_moisture,60,2026-06-30 15:20:00.321,2026-06-30 15:24:55.334,3154,3179,3161,,,,OK,0
2026-06-30 15:20:00.000,5,plants.soil,UMLIFE_v2_TLC555,s4,soil_moisture,60,2026-06-30 15:20:00.398,2026-06-30 15:24:55.411,3176,3183,3179,,,,OK,0
2026-06-30 15:25:00.000,5,plants.env,AS7263,as7263,nir_610,60,2026-06-30 15:25:04.858,2026-06-30 15:29:59.874,273,602,373.5,,,,OK,0
2026-06-30 15:25:00.000,5,plants.env,AS7263,as7263,nir_680,60,2026-06-30 15:25:04.937,2026-06-30 15:29:59.950,467,1366,720.5,,,,OK,0
2026-06-30 15:25:00.000,5,plants.env,AS7263,as7263,nir_730,60,2026-06-30 15:25:00.008,2026-06-30 15:29:55.033,115,332,184.5,,,,OK,0
2026-06-30 15:25:00.000,5,plants.env,AS7263,as7263,nir_760,60,2026-06-30 15:25:00.087,2026-06-30 15:29:55.110,219,698,355,,,,OK,0
2026-06-30 15:25:00.000,5,plants.env,AS7263,as7263,nir_810,60,2026-06-30 15:25:00.166,2026-06-30 15:29:55.192,483,1482,733,,,,OK,0
2026-06-30 15:25:00.000,5,plants.env,AS7263,as7263,nir_860,60,2026-06-30 15:25:00.245,2026-06-30 15:29:55.265,558,1748,853.5,,,,OK,0
2026-06-30 15:25:00.000,5,plants.env,SHT45,sht45,ambient_rh,60,2026-06-30 15:25:04.731,2026-06-30 15:29:59.739,28848,29203,28953.5,49.02,49.7,49.225,OK,0
2026-06-30 15:25:00.000,5,plants.env,SHT45,sht45,ambient_temp,60,2026-06-30 15:25:04.651,2026-06-30 15:29:59.659,27512,27541,27526,28.47,28.54,28.5,OK,0
2026-06-30 15:25:00.000,5,plants.soil,UMLIFE_v2_TLC555,s1,soil_moisture,60,2026-06-30 15:25:00.481,2026-06-30 15:29:55.493,3192,3199,3196,,,,OK,0
2026-06-30 15:25:00.000,5,plants.soil,UMLIFE_v2_TLC555,s2,soil_moisture,60,2026-06-30 15:25:00.560,2026-06-30 15:29:55.576,3126,3137,3132,,,,OK,0
2026-06-30 15:25:00.000,5,plants.soil,UMLIFE_v2_TLC555,s3,soil_moisture,60,2026-06-30 15:25:00.335,2026-06-30 15:29:55.336,3164,3176,3169,,,,OK,0
2026-06-30 15:25:00.000,5,plants.soil,UMLIFE_v2_TLC555,s4,soil_moisture,60,2026-06-30 15:25:00.403,2026-06-30 15:29:55.414,3177,3183,3180,,,,OK,0
2026-06-30 15:30:00.000,5,plants.env,AS7263,as7263,nir_610,60,2026-06-30 15:30:04.865,2026-06-30 15:34:59.887,513,687,597,,,,OK,0
2026-06-30 15:30:00.000,5,plants.env,AS7263,as7263,nir_680,60,2026-06-30 15:30:04.944,2026-06-30 15:34:59.966,1100,1461,1303.5,,,,OK,0
2026-06-30 15:30:00.000,5,plants.env,AS7263,as7263,nir_730,60,2026-06-30 15:30:00.032,2026-06-30 15:34:55.045,274,341,323.5,,,,OK,0
2026-06-30 15:30:00.000,5,plants.env,AS7263,as7263,nir_760,60,2026-06-30 15:30:00.108,2026-06-30 15:34:55.125,550,742,662.5,,,,OK,0
2026-06-30 15:30:00.000,5,plants.env,AS7263,as7263,nir_810,60,2026-06-30 15:30:00.187,2026-06-30 15:34:55.202,1124,1707,1384,,,,OK,0
2026-06-30 15:30:00.000,5,plants.env,AS7263,as7263,nir_860,60,2026-06-30 15:30:00.267,2026-06-30 15:34:55.284,1327,1934,1625,,,,OK,0
2026-06-30 15:30:00.000,5,plants.env,SHT45,sht45,ambient_rh,60,2026-06-30 15:30:04.740,2026-06-30 15:34:59.758,28803,29085,28906.5,48.94,49.48,49.135,OK,0
2026-06-30 15:30:00.000,5,plants.env,SHT45,sht45,ambient_temp,60,2026-06-30 15:30:04.666,2026-06-30 15:34:59.683,27518,27542,27531,28.48,28.55,28.52,OK,0
2026-06-30 15:30:00.000,5,plants.soil,UMLIFE_v2_TLC555,s1,soil_moisture,60,2026-06-30 15:30:00.500,2026-06-30 15:34:55.505,3193,3200,3195.5,,,,OK,0
2026-06-30 15:30:00.000,5,plants.soil,UMLIFE_v2_TLC555,s2,soil_moisture,60,2026-06-30 15:30:00.564,2026-06-30 15:34:55.589,3126,3136,3130.5,,,,OK,0
2026-06-30 15:30:00.000,5,plants.soil,UMLIFE_v2_TLC555,s3,soil_moisture,60,2026-06-30 15:30:00.346,2026-06-30 15:34:55.354,3163,3177,3169.5,,,,OK,0
2026-06-30 15:30:00.000,5,plants.soil,UMLIFE_v2_TLC555,s4,soil_moisture,60,2026-06-30 15:30:00.421,2026-06-30 15:34:55.435,3176,3184,3180,,,,OK,0
2026-06-30 15:35:00.000,5,plants.env,AS7263,as7263,nir_610,60,2026-06-30 15:35:04.887,2026-06-30 15:39:59.897,527,639,580.5,,,,OK,0
2026-06-30 15:35:00.000,5,plants.env,AS7263,as7263,nir_680,60,2026-06-30 15:35:04.967,2026-06-30 15:39:59.972,1163,1363,1296,,,,OK,0
2026-06-30 15:35:00.000,5,plants.env,AS7263,as7263,nir_730,60,2026-06-30 15:35:00.046,2026-06-30 15:39:55.059,265,334,288.5,,,,OK,0
2026-06-30 15:35:00.000,5,plants.env,AS7263,as7263,nir_760,60,2026-06-30 15:35:00.125,2026-06-30 15:39:55.138,587,706,643,,,,OK,0
2026-06-30 15:35:00.000,5,plants.env,AS7263,as7263,nir_810,60,2026-06-30 15:35:00.204,2026-06-30 15:39:55.217,1255,1642,1404.5,,,,OK,0
2026-06-30 15:35:00.000,5,plants.env,AS7263,as7263,nir_860,60,2026-06-30 15:35:00.285,2026-06-30 15:39:55.284,1440,1849,1615,,,,OK,0
2026-06-30 15:35:00.000,5,plants.env,SHT45,sht45,ambient_rh,60,2026-06-30 15:35:04.757,2026-06-30 15:39:59.770,28833,28984,28894.5,49,49.28,49.11,OK,0
2026-06-30 15:35:00.000,5,plants.env,SHT45,sht45,ambient_temp,60,2026-06-30 15:35:04.674,2026-06-30 15:39:59.685,27526,27551,27537,28.5,28.57,28.53,OK,0
2026-06-30 15:35:00.000,5,plants.soil,UMLIFE_v2_TLC555,s1,soil_moisture,60,2026-06-30 15:35:00.514,2026-06-30 15:39:55.513,3191,3199,3195,,,,OK,0
2026-06-30 15:35:00.000,5,plants.soil,UMLIFE_v2_TLC555,s2,soil_moisture,60,2026-06-30 15:35:00.590,2026-06-30 15:39:55.603,3125,3136,3132,,,,OK,0
2026-06-30 15:35:00.000,5,plants.soil,UMLIFE_v2_TLC555,s3,soil_moisture,60,2026-06-30 15:35:00.362,2026-06-30 15:39:55.374,3161,3175,3168,,,,OK,0
2026-06-30 15:35:00.000,5,plants.soil,UMLIFE_v2_TLC555,s4,soil_moisture,60,2026-06-30 15:35:00.438,2026-06-30 15:39:55.451,3176,3183,3179,,,,OK,0
2026-06-30 15:40:00.000,5,plants.env,AS7263,as7263,nir_610,60,2026-06-30 15:40:04.894,2026-06-30 15:44:59.913,576,621,603,,,,OK,0
2026-06-30 15:40:00.000,5,plants.env,AS7263,as7263,nir_680,60,2026-06-30 15:40:04.974,2026-06-30 15:44:59.993,1264,1375,1345.5,,,,OK,0
2026-06-30 15:40:00.000,5,plants.env,AS7263,as7263,nir_730,60,2026-06-30 15:40:00.050,2026-06-30 15:44:55.060,315,349,342,,,,OK,0
2026-06-30 15:40:00.000,5,plants.env,AS7263,as7263,nir_760,60,2026-06-30 15:40:00.131,2026-06-30 15:44:55.151,651,711,693.5,,,,OK,0
2026-06-30 15:40:00.000,5,plants.env,AS7263,as7263,nir_810,60,2026-06-30 15:40:00.213,2026-06-30 15:44:55.216,1348,1457,1419,,,,OK,0
2026-06-30 15:40:00.000,5,plants.env,AS7263,as7263,nir_860,60,2026-06-30 15:40:00.295,2026-06-30 15:44:55.302,1547,1684,1645.5,,,,OK,0
2026-06-30 15:40:00.000,5,plants.env,SHT45,sht45,ambient_rh,60,2026-06-30 15:40:04.767,2026-06-30 15:44:59.784,28796,29006,28897.5,48.92,49.33,49.12,OK,0
2026-06-30 15:40:00.000,5,plants.env,SHT45,sht45,ambient_temp,60,2026-06-30 15:40:04.695,2026-06-30 15:44:59.709,27528,27564,27544,28.51,28.6,28.55,OK,0
2026-06-30 15:40:00.000,5,plants.soil,UMLIFE_v2_TLC555,s1,soil_moisture,60,2026-06-30 15:40:00.523,2026-06-30 15:44:55.535,3191,3199,3195,,,,OK,0
2026-06-30 15:40:00.000,5,plants.soil,UMLIFE_v2_TLC555,s2,soil_moisture,60,2026-06-30 15:40:00.588,2026-06-30 15:44:55.602,3125,3136,3131,,,,OK,0
2026-06-30 15:40:00.000,5,plants.soil,UMLIFE_v2_TLC555,s3,soil_moisture,60,2026-06-30 15:40:00.367,2026-06-30 15:44:55.385,3159,3174,3168,,,,OK,0
2026-06-30 15:40:00.000,5,plants.soil,UMLIFE_v2_TLC555,s4,soil_moisture,60,2026-06-30 15:40:00.451,2026-06-30 15:44:55.449,3175,3183,3179,,,,OK,0
2026-06-30 15:45:00.000,5,plants.env,AS7263,as7263,nir_610,60,2026-06-30 15:45:04.907,2026-06-30 15:49:59.921,555,618,593,,,,OK,0
2026-06-30 15:45:00.000,5,plants.env,AS7263,as7263,nir_680,59,2026-06-30 15:45:04.990,2026-06-30 15:49:55.005,1185,1395,1360,,,,OK,0
2026-06-30 15:45:00.000,5,plants.env,AS7263,as7263,nir_730,60,2026-06-30 15:45:00.070,2026-06-30 15:49:55.077,292,355,351,,,,OK,0
2026-06-30 15:45:00.000,5,plants.env,AS7263,as7263,nir_760,60,2026-06-30 15:45:00.138,2026-06-30 15:49:55.151,607,723,703,,,,OK,0
2026-06-30 15:45:00.000,5,plants.env,AS7263,as7263,nir_810,60,2026-06-30 15:45:00.220,2026-06-30 15:49:55.239,1274,1476,1427.5,,,,OK,0
2026-06-30 15:45:00.000,5,plants.env,AS7263,as7263,nir_860,60,2026-06-30 15:45:00.305,2026-06-30 15:49:55.309,1443,1723,1693.5,,,,OK,0
2026-06-30 15:45:00.000,5,plants.env,SHT45,sht45,ambient_rh,60,2026-06-30 15:45:04.774,2026-06-30 15:49:59.784,28863,29271,28946,49.05,49.83,49.215,OK,0
2026-06-30 15:45:00.000,5,plants.env,SHT45,sht45,ambient_temp,60,2026-06-30 15:45:04.707,2026-06-30 15:49:59.720,27540,27565,27554,28.54,28.61,28.58,OK,0
2026-06-30 15:45:00.000,5,plants.soil,UMLIFE_v2_TLC555,s1,soil_moisture,60,2026-06-30 15:45:00.538,2026-06-30 15:49:55.547,3192,3201,3195,,,,OK,0
2026-06-30 15:45:00.000,5,plants.soil,UMLIFE_v2_TLC555,s2,soil_moisture,60,2026-06-30 15:45:00.614,2026-06-30 15:49:55.628,3123,3137,3130,,,,OK,0
2026-06-30 15:45:00.000,5,plants.soil,UMLIFE_v2_TLC555,s3,soil_moisture,60,2026-06-30 15:45:00.388,2026-06-30 15:49:55.388,3137,3175,3149,,,,OK,0
2026-06-30 15:45:00.000,5,plants.soil,UMLIFE_v2_TLC555,s4,soil_moisture,60,2026-06-30 15:45:00.464,2026-06-30 15:49:55.467,3176,3182,3179,,,,OK,0
2026-06-30 15:50:00.000,5,plants.env,AS7263,as7263,nir_610,60,2026-06-30 15:50:04.915,2026-06-30 15:54:59.936,566,585,578,,,,OK,0
2026-06-30 15:50:00.000,5,plants.env,AS7263,as7263,nir_680,60,2026-06-30 15:50:00.006,2026-06-30 15:54:55.018,1278,1323,1303,,,,OK,0
2026-06-30 15:50:00.000,5,plants.env,AS7263,as7263,nir_730,60,2026-06-30 15:50:00.080,2026-06-30 15:54:55.097,342,352,347,,,,OK,0
2026-06-30 15:50:00.000,5,plants.env,AS7263,as7263,nir_760,60,2026-06-30 15:50:00.163,2026-06-30 15:54:55.168,671,690,680,,,,OK,0
2026-06-30 15:50:00.000,5,plants.env,AS7263,as7263,nir_810,60,2026-06-30 15:50:00.239,2026-06-30 15:54:55.247,1317,1393,1368,,,,OK,0
2026-06-30 15:50:00.000,5,plants.env,AS7263,as7263,nir_860,60,2026-06-30 15:50:00.318,2026-06-30 15:54:55.334,1566,1667,1628,,,,OK,0
2026-06-30 15:50:00.000,5,plants.env,SHT45,sht45,ambient_rh,60,2026-06-30 15:50:04.787,2026-06-30 15:54:59.810,28920,29241,29025.5,49.16,49.77,49.365,OK,0
2026-06-30 15:50:00.000,5,plants.env,SHT45,sht45,ambient_temp,60,2026-06-30 15:50:04.707,2026-06-30 15:54:59.735,27545,27594,27574.5,28.55,28.69,28.63,OK,0
2026-06-30 15:50:00.000,5,plants.soil,UMLIFE_v2_TLC555,s1,soil_moisture,60,2026-06-30 15:50:00.549,2026-06-30 15:54:55.551,3192,3202,3198,,,,OK,0
2026-06-30 15:50:00.000,5,plants.soil,UMLIFE_v2_TLC555,s2,soil_moisture,60,2026-06-30 15:50:00.628,2026-06-30 15:54:55.636,3123,3141,3133,,,,OK,0
2026-06-30 15:50:00.000,5,plants.soil,UMLIFE_v2_TLC555,s3,soil_moisture,60,2026-06-30 15:50:00.401,2026-06-30 15:54:55.406,3136,3147,3143,,,,OK,0
2026-06-30 15:50:00.000,5,plants.soil,UMLIFE_v2_TLC555,s4,soil_moisture,60,2026-06-30 15:50:00.469,2026-06-30 15:54:55.485,3177,3184,3181,,,,OK,0
2026-06-30 15:55:00.000,5,plants.env,AS7263,as7263,nir_610,60,2026-06-30 15:55:04.938,2026-06-30 15:59:59.937,276,576,554,,,,OK,0
2026-06-30 15:55:00.000,5,plants.env,AS7263,as7263,nir_680,60,2026-06-30 15:55:00.011,2026-06-30 15:59:55.025,483,1317,1240.5,,,,OK,0
2026-06-30 15:55:00.000,5,plants.env,AS7263,as7263,nir_730,60,2026-06-30 15:55:00.089,2026-06-30 15:59:55.104,118,347,340.5,,,,OK,0
2026-06-30 15:55:00.000,5,plants.env,AS7263,as7263,nir_760,60,2026-06-30 15:55:00.170,2026-06-30 15:59:55.187,228,685,652,,,,OK,0
2026-06-30 15:55:00.000,5,plants.env,AS7263,as7263,nir_810,60,2026-06-30 15:55:00.254,2026-06-30 15:59:55.270,518,1395,1266,,,,OK,0
2026-06-30 15:55:00.000,5,plants.env,AS7263,as7263,nir_860,60,2026-06-30 15:55:00.334,2026-06-30 15:59:55.341,609,1672,1523,,,,OK,0
2026-06-30 15:55:00.000,5,plants.env,SHT45,sht45,ambient_rh,60,2026-06-30 15:55:04.809,2026-06-30 15:59:59.813,28998,29536,29172,49.31,50.34,49.64,OK,0
2026-06-30 15:55:00.000,5,plants.env,SHT45,sht45,ambient_temp,60,2026-06-30 15:55:04.727,2026-06-30 15:59:59.748,27579,27616,27598,28.64,28.74,28.7,OK,0
2026-06-30 15:55:00.000,5,plants.soil,UMLIFE_v2_TLC555,s1,soil_moisture,60,2026-06-30 15:55:00.558,2026-06-30 15:59:55.578,3195,3203,3198,,,,OK,0
2026-06-30 15:55:00.000,5,plants.soil,UMLIFE_v2_TLC555,s2,soil_moisture,60,2026-06-30 15:55:00.638,2026-06-30 15:59:55.654,3126,3144,3134,,,,OK,0
2026-06-30 15:55:00.000,5,plants.soil,UMLIFE_v2_TLC555,s3,soil_moisture,60,2026-06-30 15:55:00.408,2026-06-30 15:59:55.420,3137,3159,3146,,,,OK,0
2026-06-30 15:55:00.000,5,plants.soil,UMLIFE_v2_TLC555,s4,soil_moisture,60,2026-06-30 15:55:00.485,2026-06-30 15:59:55.499,3175,3188,3182,,,,OK,0
2026-06-30 16:00:00.000,5,plants.env,AS7263,as7263,nir_610,60,2026-06-30 16:00:04.951,2026-06-30 16:04:59.964,537,556,550,,,,OK,0
2026-06-30 16:00:00.000,5,plants.env,AS7263,as7263,nir_680,60,2026-06-30 16:00:00.031,2026-06-30 16:04:55.045,1189,1217,1201,,,,OK,0
2026-06-30 16:00:00.000,5,plants.env,AS7263,as7263,nir_730,60,2026-06-30 16:00:00.101,2026-06-30 16:04:55.123,333,342,340,,,,OK,0
2026-06-30 16:00:00.000,5,plants.env,AS7263,as7263,nir_760,60,2026-06-30 16:00:00.189,2026-06-30 16:04:55.202,627,641,634.5,,,,OK,0
2026-06-30 16:00:00.000,5,plants.env,AS7263,as7263,nir_810,60,2026-06-30 16:00:00.270,2026-06-30 16:04:55.282,1196,1234,1211,,,,OK,0
2026-06-30 16:00:00.000,5,plants.env,AS7263,as7263,nir_860,60,2026-06-30 16:00:00.349,2026-06-30 16:04:55.362,1420,1460,1431.5,,,,OK,0
2026-06-30 16:00:00.000,5,plants.env,SHT45,sht45,ambient_rh,60,2026-06-30 16:00:04.821,2026-06-30 16:04:59.835,29131,29452,29288,49.56,50.18,49.86,OK,0
2026-06-30 16:00:00.000,5,plants.env,SHT45,sht45,ambient_temp,60,2026-06-30 16:00:04.748,2026-06-30 16:04:59.761,27594,27612,27602,28.69,28.73,28.71,OK,0
2026-06-30 16:00:00.000,5,plants.soil,UMLIFE_v2_TLC555,s1,soil_moisture,60,2026-06-30 16:00:00.577,2026-06-30 16:04:55.591,3191,3202,3198,,,,OK,0
2026-06-30 16:00:00.000,5,plants.soil,UMLIFE_v2_TLC555,s2,soil_moisture,60,2026-06-30 16:00:00.654,2026-06-30 16:04:55.668,3126,3143,3133.5,,,,OK,0
2026-06-30 16:00:00.000,5,plants.soil,UMLIFE_v2_TLC555,s3,soil_moisture,60,2026-06-30 16:00:00.427,2026-06-30 16:04:55.439,3139,3166,3150,,,,OK,0
2026-06-30 16:00:00.000,5,plants.soil,UMLIFE_v2_TLC555,s4,soil_moisture,60,2026-06-30 16:00:00.502,2026-06-30 16:04:55.515,3171,3186,3180,,,,OK,0
2026-06-30 16:05:00.000,5,plants.env,AS7263,as7263,nir_610,60,2026-06-30 16:05:04.962,2026-06-30 16:09:59.967,521,556,534,,,,OK,0
2026-06-30 16:05:00.000,5,plants.env,AS7263,as7263,nir_680,60,2026-06-30 16:05:00.044,2026-06-30 16:09:55.050,1129,1196,1159,,,,OK,0
2026-06-30 16:05:00.000,5,plants.env,AS7263,as7263,nir_730,60,2026-06-30 16:05:00.124,2026-06-30 16:09:55.128,327,342,333.5,,,,OK,0
2026-06-30 16:05:00.000,5,plants.env,AS7263,as7263,nir_760,60,2026-06-30 16:05:00.202,2026-06-30 16:09:55.210,602,633,615,,,,OK,0
2026-06-30 16:05:00.000,5,plants.env,AS7263,as7263,nir_810,60,2026-06-30 16:05:00.283,2026-06-30 16:09:55.295,1130,1202,1159,,,,OK,0
2026-06-30 16:05:00.000,5,plants.env,AS7263,as7263,nir_860,60,2026-06-30 16:05:00.362,2026-06-30 16:09:55.374,1341,1419,1375,,,,OK,0
2026-06-30 16:05:00.000,5,plants.env,SHT45,sht45,ambient_rh,60,2026-06-30 16:05:04.835,2026-06-30 16:09:59.840,29306,29679,29355.5,49.9,50.61,49.99,OK,0
2026-06-30 16:05:00.000,5,plants.env,SHT45,sht45,ambient_temp,60,2026-06-30 16:05:04.761,2026-06-30 16:09:59.771,27599,27644,27622.5,28.7,28.82,28.76,OK,0
2026-06-30 16:05:00.000,5,plants.soil,UMLIFE_v2_TLC555,s1,soil_moisture,60,2026-06-30 16:05:00.591,2026-06-30 16:09:55.590,3193,3201,3198,,,,OK,0
2026-06-30 16:05:00.000,5,plants.soil,UMLIFE_v2_TLC555,s2,soil_moisture,60,2026-06-30 16:05:00.667,2026-06-30 16:09:55.679,3126,3143,3133,,,,OK,0
2026-06-30 16:05:00.000,5,plants.soil,UMLIFE_v2_TLC555,s3,soil_moisture,60,2026-06-30 16:05:00.439,2026-06-30 16:09:55.451,3139,3159,3147.5,,,,OK,0
2026-06-30 16:05:00.000,5,plants.soil,UMLIFE_v2_TLC555,s4,soil_moisture,60,2026-06-30 16:05:00.515,2026-06-30 16:09:55.528,3173,3184,3180,,,,OK,0
2026-06-30 16:10:00.000,5,plants.env,AS7263,as7263,nir_610,60,2026-06-30 16:10:04.968,2026-06-30 16:14:59.985,505,532,515,,,,OK,0
2026-06-30 16:10:00.000,5,plants.env,AS7263,as7263,nir_680,60,2026-06-30 16:10:00.055,2026-06-30 16:14:55.071,1084,1147,1113,,,,OK,0
2026-06-30 16:10:00.000,5,plants.env,AS7263,as7263,nir_730,60,2026-06-30 16:10:00.134,2026-06-30 16:14:55.149,316,332,322.5,,,,OK,0
2026-06-30 16:10:00.000,5,plants.env,AS7263,as7263,nir_760,60,2026-06-30 16:10:00.213,2026-06-30 16:14:55.227,578,609,592,,,,OK,0
2026-06-30 16:10:00.000,5,plants.env,AS7263,as7263,nir_810,60,2026-06-30 16:10:00.294,2026-06-30 16:14:55.303,1087,1152,1118,,,,OK,0
2026-06-30 16:10:00.000,5,plants.env,AS7263,as7263,nir_860,60,2026-06-30 16:10:00.372,2026-06-30 16:14:55.381,1291,1364,1333.5,,,,OK,0
2026-06-30 16:10:00.000,5,plants.env,SHT45,sht45,ambient_rh,60,2026-06-30 16:10:04.841,2026-06-30 16:14:59.858,29240,29382,29310,49.77,50.04,49.91,OK,0
2026-06-30 16:10:00.000,5,plants.env,SHT45,sht45,ambient_temp,60,2026-06-30 16:10:04.774,2026-06-30 16:14:59.779,27614,27645,27632,28.74,28.82,28.79,OK,0
2026-06-30 16:10:00.000,5,plants.soil,UMLIFE_v2_TLC555,s1,soil_moisture,60,2026-06-30 16:10:00.605,2026-06-30 16:14:55.603,3195,3204,3199,,,,OK,0
2026-06-30 16:10:00.000,5,plants.soil,UMLIFE_v2_TLC555,s2,soil_moisture,60,2026-06-30 16:10:00.669,2026-06-30 16:14:55.682,3123,3145,3133,,,,OK,0
2026-06-30 16:10:00.000,5,plants.soil,UMLIFE_v2_TLC555,s3,soil_moisture,60,2026-06-30 16:10:00.451,2026-06-30 16:14:55.460,3142,3160,3150,,,,OK,0
2026-06-30 16:10:00.000,5,plants.soil,UMLIFE_v2_TLC555,s4,soil_moisture,60,2026-06-30 16:10:00.528,2026-06-30 16:14:55.541,3174,3185,3179.5,,,,OK,0
2026-06-30 16:15:00.000,5,plants.env,AS7263,as7263,nir_610,59,2026-06-30 16:15:04.977,2026-06-30 16:19:55.003,462,515,494,,,,OK,0
2026-06-30 16:15:00.000,5,plants.env,AS7263,as7263,nir_680,60,2026-06-30 16:15:00.070,2026-06-30 16:19:55.083,949,1099,1036,,,,OK,0
2026-06-30 16:15:00.000,5,plants.env,AS7263,as7263,nir_730,60,2026-06-30 16:15:00.141,2026-06-30 16:19:55.153,280,322,303.5,,,,OK,0
2026-06-30 16:15:00.000,5,plants.env,AS7263,as7263,nir_760,60,2026-06-30 16:15:00.229,2026-06-30 16:19:55.235,504,586,549.5,,,,OK,0
2026-06-30 16:15:00.000,5,plants.env,AS7263,as7263,nir_810,60,2026-06-30 16:15:00.306,2026-06-30 16:19:55.312,943,1096,1030.5,,,,OK,0
2026-06-30 16:15:00.000,5,plants.env,AS7263,as7263,nir_860,60,2026-06-30 16:15:00.386,2026-06-30 16:19:55.400,1130,1314,1234.5,,,,OK,0
2026-06-30 16:15:00.000,5,plants.env,SHT45,sht45,ambient_rh,60,2026-06-30 16:15:04.861,2026-06-30 16:19:59.874,29276,29665,29356,49.84,50.58,49.99,OK,0
2026-06-30 16:15:00.000,5,plants.env,SHT45,sht45,ambient_temp,60,2026-06-30 16:15:04.773,2026-06-30 16:19:59.800,27628,27663,27646,28.78,28.87,28.82,OK,0
2026-06-30 16:15:00.000,5,plants.soil,UMLIFE_v2_TLC555,s1,soil_moisture,60,2026-06-30 16:15:00.602,2026-06-30 16:19:55.618,3193,3201,3198,,,,OK,0
2026-06-30 16:15:00.000,5,plants.soil,UMLIFE_v2_TLC555,s2,soil_moisture,60,2026-06-30 16:15:00.691,2026-06-30 16:19:55.698,3124,3142,3133,,,,OK,0
2026-06-30 16:15:00.000,5,plants.soil,UMLIFE_v2_TLC555,s3,soil_moisture,60,2026-06-30 16:15:00.465,2026-06-30 16:19:55.477,3135,3161,3146,,,,OK,0
2026-06-30 16:15:00.000,5,plants.soil,UMLIFE_v2_TLC555,s4,soil_moisture,60,2026-06-30 16:15:00.540,2026-06-30 16:19:55.553,3174,3185,3178,,,,OK,0
2026-06-30 16:20:00.000,5,plants.env,AS7263,as7263,nir_610,60,2026-06-30 16:20:00.004,2026-06-30 16:24:55.016,444,476,464,,,,OK,0
2026-06-30 16:20:00.000,5,plants.env,AS7263,as7263,nir_680,60,2026-06-30 16:20:00.083,2026-06-30 16:24:55.095,893,982,953.5,,,,OK,0
2026-06-30 16:20:00.000,5,plants.env,AS7263,as7263,nir_730,60,2026-06-30 16:20:00.154,2026-06-30 16:24:55.174,264,294,285,,,,OK,0
2026-06-30 16:20:00.000,5,plants.env,AS7263,as7263,nir_760,60,2026-06-30 16:20:00.232,2026-06-30 16:24:55.253,470,524,508,,,,OK,0
2026-06-30 16:20:00.000,5,plants.env,AS7263,as7263,nir_810,60,2026-06-30 16:20:00.311,2026-06-30 16:24:55.333,888,1000,959,,,,OK,0
2026-06-30 16:20:00.000,5,plants.env,AS7263,as7263,nir_860,60,2026-06-30 16:20:00.389,2026-06-30 16:24:55.404,1073,1225,1177,,,,OK,0
2026-06-30 16:20:00.000,5,plants.env,SHT45,sht45,ambient_rh,60,2026-06-30 16:20:04.874,2026-06-30 16:24:59.873,29313,29572,29440,49.91,50.4,50.155,OK,0
2026-06-30 16:20:00.000,5,plants.env,SHT45,sht45,ambient_temp,60,2026-06-30 16:20:04.800,2026-06-30 16:24:59.812,27646,27681,27662,28.82,28.92,28.87,OK,0
2026-06-30 16:20:00.000,5,plants.soil,UMLIFE_v2_TLC555,s1,soil_moisture,60,2026-06-30 16:20:00.624,2026-06-30 16:24:55.642,3194,3202,3198,,,,OK,0
2026-06-30 16:20:00.000,5,plants.soil,UMLIFE_v2_TLC555,s2,soil_moisture,60,2026-06-30 16:20:00.690,2026-06-30 16:24:55.708,3125,3141,3133,,,,OK,0
2026-06-30 16:20:00.000,5,plants.soil,UMLIFE_v2_TLC555,s3,soil_moisture,60,2026-06-30 16:20:00.477,2026-06-30 16:24:55.485,3135,3154,3146.5,,,,OK,0
2026-06-30 16:20:00.000,5,plants.soil,UMLIFE_v2_TLC555,s4,soil_moisture,60,2026-06-30 16:20:00.546,2026-06-30 16:24:55.562,3174,3185,3179,,,,OK,0
2026-06-30 16:25:00.000,5,plants.env,AS7263,as7263,nir_610,60,2026-06-30 16:25:00.017,2026-06-30 16:29:55.030,436,475,452,,,,OK,0
2026-06-30 16:25:00.000,5,plants.env,AS7263,as7263,nir_680,60,2026-06-30 16:25:00.090,2026-06-30 16:29:55.103,878,976,926.5,,,,OK,0
2026-06-30 16:25:00.000,5,plants.env,AS7263,as7263,nir_730,60,2026-06-30 16:25:00.173,2026-06-30 16:29:55.188,251,288,271.5,,,,OK,0
2026-06-30 16:25:00.000,5,plants.env,AS7263,as7263,nir_760,60,2026-06-30 16:25:00.248,2026-06-30 16:29:55.269,460,515,486.5,,,,OK,0
2026-06-30 16:25:00.000,5,plants.env,AS7263,as7263,nir_810,60,2026-06-30 16:25:00.333,2026-06-30 16:29:55.337,914,1023,961,,,,OK,0
2026-06-30 16:25:00.000,5,plants.env,AS7263,as7263,nir_860,60,2026-06-30 16:25:00.407,2026-06-30 16:29:55.422,1128,1407,1175.5,,,,OK,0
2026-06-30 16:25:00.000,5,plants.env,SHT45,sht45,ambient_rh,60,2026-06-30 16:25:04.887,2026-06-30 16:29:59.891,29430,29767,29545,50.13,50.78,50.355,OK,0
2026-06-30 16:25:00.000,5,plants.env,SHT45,sht45,ambient_temp,60,2026-06-30 16:25:04.808,2026-06-30 16:29:59.826,27665,27697,27681.5,28.87,28.96,28.92,OK,0
2026-06-30 16:25:00.000,5,plants.soil,UMLIFE_v2_TLC555,s1,soil_moisture,60,2026-06-30 16:25:00.638,2026-06-30 16:29:55.656,3196,3203,3200,,,,OK,0
2026-06-30 16:25:00.000,5,plants.soil,UMLIFE_v2_TLC555,s2,soil_moisture,60,2026-06-30 16:25:00.709,2026-06-30 16:29:55.728,3126,3144,3133,,,,OK,0
2026-06-30 16:25:00.000,5,plants.soil,UMLIFE_v2_TLC555,s3,soil_moisture,60,2026-06-30 16:25:00.485,2026-06-30 16:29:55.507,3138,3165,3147,,,,OK,0
2026-06-30 16:25:00.000,5,plants.soil,UMLIFE_v2_TLC555,s4,soil_moisture,60,2026-06-30 16:25:00.567,2026-06-30 16:29:55.572,3171,3187,3179.5,,,,OK,0
2026-06-30 16:30:00.000,5,plants.env,AS7263,as7263,nir_610,60,2026-06-30 16:30:00.030,2026-06-30 16:34:55.031,446,494,460.5,,,,OK,0
2026-06-30 16:30:00.000,5,plants.env,AS7263,as7263,nir_680,60,2026-06-30 16:30:00.107,2026-06-30 16:34:55.122,889,1063,939.5,,,,OK,0
2026-06-30 16:30:00.000,5,plants.env,AS7263,as7263,nir_730,60,2026-06-30 16:30:00.186,2026-06-30 16:34:55.189,261,287,273.5,,,,OK,0
2026-06-30 16:30:00.000,5,plants.env,AS7263,as7263,nir_760,60,2026-06-30 16:30:00.267,2026-06-30 16:34:55.268,464,548,494,,,,OK,0
2026-06-30 16:30:00.000,5,plants.env,AS7263,as7263,nir_810,60,2026-06-30 16:30:00.341,2026-06-30 16:34:55.348,957,1175,1014.5,,,,OK,0
2026-06-30 16:30:00.000,5,plants.env,AS7263,as7263,nir_860,60,2026-06-30 16:30:00.429,2026-06-30 16:34:55.442,1154,1400,1224,,,,OK,0
2026-06-30 16:30:00.000,5,plants.env,SHT45,sht45,ambient_rh,60,2026-06-30 16:30:04.895,2026-06-30 16:34:59.914,29388,29827,29548,50.05,50.89,50.36,OK,0
2026-06-30 16:30:00.000,5,plants.env,SHT45,sht45,ambient_temp,60,2026-06-30 16:30:04.814,2026-06-30 16:34:59.826,27676,27701,27691,28.9,28.97,28.94,OK,0
2026-06-30 16:30:00.000,5,plants.soil,UMLIFE_v2_TLC555,s1,soil_moisture,60,2026-06-30 16:30:00.660,2026-06-30 16:34:55.673,3196,3203,3199,,,,OK,0
2026-06-30 16:30:00.000,5,plants.soil,UMLIFE_v2_TLC555,s2,soil_moisture,60,2026-06-30 16:30:00.724,2026-06-30 16:34:55.736,3125,3140,3134.5,,,,OK,0
2026-06-30 16:30:00.000,5,plants.soil,UMLIFE_v2_TLC555,s3,soil_moisture,60,2026-06-30 16:30:00.507,2026-06-30 16:34:55.505,3136,3163,3148,,,,OK,0
2026-06-30 16:30:00.000,5,plants.soil,UMLIFE_v2_TLC555,s4,soil_moisture,60,2026-06-30 16:30:00.575,2026-06-30 16:34:55.584,3172,3189,3179,,,,OK,0
2026-06-30 16:35:00.000,5,plants.env,AS7263,as7263,nir_610,60,2026-06-30 16:35:00.041,2026-06-30 16:39:55.052,372,473,454,,,,OK,0
2026-06-30 16:35:00.000,5,plants.env,AS7263,as7263,nir_680,60,2026-06-30 16:35:00.119,2026-06-30 16:39:55.131,734,974,931.5,,,,OK,0
2026-06-30 16:35:00.000,5,plants.env,AS7263,as7263,nir_730,60,2026-06-30 16:35:00.202,2026-06-30 16:39:55.210,200,278,262,,,,OK,0
2026-06-30 16:35:00.000,5,plants.env,AS7263,as7263,nir_760,60,2026-06-30 16:35:00.282,2026-06-30 16:39:55.290,370,511,487,,,,OK,0
2026-06-30 16:35:00.000,5,plants.env,AS7263,as7263,nir_810,60,2026-06-30 16:35:00.362,2026-06-30 16:39:55.368,792,1065,1028,,,,OK,0
2026-06-30 16:35:00.000,5,plants.env,AS7263,as7263,nir_860,60,2026-06-30 16:35:00.439,2026-06-30 16:39:55.448,959,1284,1238,,,,OK,0
2026-06-30 16:35:00.000,5,plants.env,SHT45,sht45,ambient_rh,60,2026-06-30 16:35:04.903,2026-06-30 16:39:59.917,29318,29589,29455,49.92,50.44,50.185,OK,0
2026-06-30 16:35:00.000,5,plants.env,SHT45,sht45,ambient_temp,60,2026-06-30 16:35:04.840,2026-06-30 16:39:59.838,27672,27700,27686,28.89,28.97,28.93,OK,0
2026-06-30 16:35:00.000,5,plants.soil,UMLIFE_v2_TLC555,s1,soil_moisture,60,2026-06-30 16:35:00.659,2026-06-30 16:39:55.681,3197,3203,3199.5,,,,OK,0
2026-06-30 16:35:00.000,5,plants.soil,UMLIFE_v2_TLC555,s2,soil_moisture,60,2026-06-30 16:35:00.750,2026-06-30 16:39:55.753,3127,3141,3134,,,,OK,0
2026-06-30 16:35:00.000,5,plants.soil,UMLIFE_v2_TLC555,s3,soil_moisture,60,2026-06-30 16:35:00.521,2026-06-30 16:39:55.523,3144,3173,3163,,,,OK,0
2026-06-30 16:35:00.000,5,plants.soil,UMLIFE_v2_TLC555,s4,soil_moisture,60,2026-06-30 16:35:00.597,2026-06-30 16:39:55.602,3174,3190,3180,,,,OK,0
2026-06-30 16:40:00.000,5,plants.env,AS7263,as7263,nir_610,60,2026-06-30 16:40:00.056,2026-06-30 16:44:55.056,350,485,413.5,,,,OK,0
2026-06-30 16:40:00.000,5,plants.env,AS7263,as7263,nir_680,60,2026-06-30 16:40:00.136,2026-06-30 16:44:55.139,660,1075,810.5,,,,OK,0
2026-06-30 16:40:00.000,5,plants.env,AS7263,as7263,nir_730,60,2026-06-30 16:40:00.208,2026-06-30 16:44:55.221,187,289,241,,,,OK,0
2026-06-30 16:40:00.000,5,plants.env,AS7263,as7263,nir_760,60,2026-06-30 16:40:00.296,2026-06-30 16:44:55.305,338,549,429.5,,,,OK,0
2026-06-30 16:40:00.000,5,plants.env,AS7263,as7263,nir_810,60,2026-06-30 16:40:00.375,2026-06-30 16:44:55.375,731,1187,900,,,,OK,0
2026-06-30 16:40:00.000,5,plants.env,AS7263,as7263,nir_860,60,2026-06-30 16:40:00.455,2026-06-30 16:44:55.457,898,1412,1091.5,,,,OK,0
2026-06-30 16:40:00.000,5,plants.env,SHT45,sht45,ambient_rh,60,2026-06-30 16:40:04.927,2026-06-30 16:44:59.940,29239,29607,29397,49.77,50.47,50.07,OK,0
2026-06-30 16:40:00.000,5,plants.env,SHT45,sht45,ambient_temp,60,2026-06-30 16:40:04.840,2026-06-30 16:44:59.865,27677,27707,27691,28.91,28.99,28.94,OK,0
2026-06-30 16:40:00.000,5,plants.soil,UMLIFE_v2_TLC555,s1,soil_moisture,60,2026-06-30 16:40:00.685,2026-06-30 16:44:55.691,3197,3206,3201.5,,,,OK,0
2026-06-30 16:40:00.000,5,plants.soil,UMLIFE_v2_TLC555,s2,soil_moisture,60,2026-06-30 16:40:00.762,2026-06-30 16:44:55.773,3130,3143,3135,,,,OK,0
2026-06-30 16:40:00.000,5,plants.soil,UMLIFE_v2_TLC555,s3,soil_moisture,60,2026-06-30 16:40:00.533,2026-06-30 16:44:55.541,3159,3173,3166,,,,OK,0
2026-06-30 16:40:00.000,5,plants.soil,UMLIFE_v2_TLC555,s4,soil_moisture,60,2026-06-30 16:40:00.609,2026-06-30 16:44:55.607,3178,3185,3181.5,,,,OK,0
2026-06-30 16:45:00.000,5,plants.env,AS7263,as7263,nir_610,60,2026-06-30 16:45:00.059,2026-06-30 16:49:55.082,419,450,430.5,,,,OK,0
2026-06-30 16:45:00.000,5,plants.env,AS7263,as7263,nir_680,60,2026-06-30 16:45:00.142,2026-06-30 16:49:55.162,846,945,871,,,,OK,0
2026-06-30 16:45:00.000,5,plants.env,AS7263,as7263,nir_730,60,2026-06-30 16:45:00.227,2026-06-30 16:49:55.241,257,278,267,,,,OK,0
2026-06-30 16:45:00.000,5,plants.env,AS7263,as7263,nir_760,60,2026-06-30 16:45:00.307,2026-06-30 16:49:55.321,466,505,473,,,,OK,0
2026-06-30 16:45:00.000,5,plants.env,AS7263,as7263,nir_810,60,2026-06-30 16:45:00.376,2026-06-30 16:49:55.401,915,1049,941.5,,,,OK,0
2026-06-30 16:45:00.000,5,plants.env,AS7263,as7263,nir_860,60,2026-06-30 16:45:00.460,2026-06-30 16:49:55.481,1067,1251,1088,,,,OK,0
2026-06-30 16:45:00.000,5,plants.env,SHT45,sht45,ambient_rh,60,2026-06-30 16:45:04.928,2026-06-30 16:49:59.952,29223,29571,29338,49.74,50.4,49.96,OK,0
2026-06-30 16:45:00.000,5,plants.env,SHT45,sht45,ambient_temp,60,2026-06-30 16:45:04.861,2026-06-30 16:49:59.877,27676,27696,27684.5,28.9,28.96,28.93,OK,0
2026-06-30 16:45:00.000,5,plants.soil,UMLIFE_v2_TLC555,s1,soil_moisture,60,2026-06-30 16:45:00.691,2026-06-30 16:49:55.711,3198,3206,3202,,,,OK,0
2026-06-30 16:45:00.000,5,plants.soil,UMLIFE_v2_TLC555,s2,soil_moisture,60,2026-06-30 16:45:00.776,2026-06-30 16:49:55.788,3129,3142,3136,,,,OK,0
2026-06-30 16:45:00.000,5,plants.soil,UMLIFE_v2_TLC555,s3,soil_moisture,60,2026-06-30 16:45:00.542,2026-06-30 16:49:55.559,3159,3173,3167,,,,OK,0
2026-06-30 16:45:00.000,5,plants.soil,UMLIFE_v2_TLC555,s4,soil_moisture,60,2026-06-30 16:45:00.609,2026-06-30 16:49:55.635,3176,3186,3181,,,,OK,0
2026-06-30 16:50:00.000,5,plants.env,AS7263,as7263,nir_610,60,2026-06-30 16:50:00.082,2026-06-30 16:54:55.087,391,464,406,,,,OK,0
2026-06-30 16:50:00.000,5,plants.env,AS7263,as7263,nir_680,60,2026-06-30 16:50:00.162,2026-06-30 16:54:55.175,842,986,857,,,,OK,0
2026-06-30 16:50:00.000,5,plants.env,AS7263,as7263,nir_730,60,2026-06-30 16:50:00.242,2026-06-30 16:54:55.244,251,274,260.5,,,,OK,0
2026-06-30 16:50:00.000,5,plants.env,AS7263,as7263,nir_760,60,2026-06-30 16:50:00.322,2026-06-30 16:54:55.333,455,508,463,,,,OK,0
2026-06-30 16:50:00.000,5,plants.env,AS7263,as7263,nir_810,60,2026-06-30 16:50:00.400,2026-06-30 16:54:55.402,930,1120,947.5,,,,OK,0
2026-06-30 16:50:00.000,5,plants.env,AS7263,as7263,nir_860,60,2026-06-30 16:50:00.481,2026-06-30 16:54:55.483,1121,1349,1141.5,,,,OK,0
2026-06-30 16:50:00.000,5,plants.env,SHT45,sht45,ambient_rh,60,2026-06-30 16:50:04.953,2026-06-30 16:54:59.960,29099,30113,29277,49.5,51.44,49.84,OK,0
2026-06-30 16:50:00.000,5,plants.env,SHT45,sht45,ambient_temp,60,2026-06-30 16:50:04.878,2026-06-30 16:54:59.882,27686,27718,27706,28.93,29.02,28.98,OK,0
2026-06-30 16:50:00.000,5,plants.soil,UMLIFE_v2_TLC555,s1,soil_moisture,60,2026-06-30 16:50:00.712,2026-06-30 16:54:55.725,3196,3204,3201,,,,OK,0
2026-06-30 16:50:00.000,5,plants.soil,UMLIFE_v2_TLC555,s2,soil_moisture,60,2026-06-30 16:50:00.788,2026-06-30 16:54:55.788,3126,3145,3136,,,,OK,0
2026-06-30 16:50:00.000,5,plants.soil,UMLIFE_v2_TLC555,s3,soil_moisture,60,2026-06-30 16:50:00.558,2026-06-30 16:54:55.564,3159,3173,3166,,,,OK,0
2026-06-30 16:50:00.000,5,plants.soil,UMLIFE_v2_TLC555,s4,soil_moisture,60,2026-06-30 16:50:00.636,2026-06-30 16:54:55.639,3176,3185,3181,,,,OK,0
2026-06-30 16:55:00.000,5,plants.env,AS7263,as7263,nir_610,60,2026-06-30 16:55:00.090,2026-06-30 16:59:55.108,331,399,374,,,,OK,0
2026-06-30 16:55:00.000,5,plants.env,AS7263,as7263,nir_680,60,2026-06-30 16:55:00.163,2026-06-30 16:59:55.174,700,871,816,,,,OK,0
2026-06-30 16:55:00.000,5,plants.env,AS7263,as7263,nir_730,60,2026-06-30 16:55:00.249,2026-06-30 16:59:55.257,234,250,245,,,,OK,0
2026-06-30 16:55:00.000,5,plants.env,AS7263,as7263,nir_760,60,2026-06-30 16:55:00.331,2026-06-30 16:59:55.347,394,463,446.5,,,,OK,0
2026-06-30 16:55:00.000,5,plants.env,AS7263,as7263,nir_810,60,2026-06-30 16:55:00.410,2026-06-30 16:59:55.426,712,953,866,,,,OK,0
2026-06-30 16:55:00.000,5,plants.env,AS7263,as7263,nir_860,60,2026-06-30 16:55:00.480,2026-06-30 16:59:55.506,838,1135,1026.5,,,,OK,0
2026-06-30 16:55:00.000,5,plants.env,SHT45,sht45,ambient_rh,60,2026-06-30 16:55:04.962,2026-06-30 16:59:59.976,28978,29591,29079.5,49.27,50.44,49.465,OK,0
2026-06-30 16:55:00.000,5,plants.env,SHT45,sht45,ambient_temp,60,2026-06-30 16:55:04.882,2026-06-30 16:59:59.893,27699,27735,27720,28.97,29.06,29.02,OK,0
2026-06-30 16:55:00.000,5,plants.soil,UMLIFE_v2_TLC555,s1,soil_moisture,60,2026-06-30 16:55:00.715,2026-06-30 16:59:55.724,3197,3203,3199.5,,,,OK,0
2026-06-30 16:55:00.000,5,plants.soil,UMLIFE_v2_TLC555,s2,soil_moisture,60,2026-06-30 16:55:00.793,2026-06-30 16:59:55.807,3129,3140,3135,,,,OK,0
2026-06-30 16:55:00.000,5,plants.soil,UMLIFE_v2_TLC555,s3,soil_moisture,60,2026-06-30 16:55:00.561,2026-06-30 16:59:55.574,3160,3172,3166,,,,OK,0
2026-06-30 16:55:00.000,5,plants.soil,UMLIFE_v2_TLC555,s4,soil_moisture,60,2026-06-30 16:55:00.645,2026-06-30 16:59:55.659,3176,3185,3180,,,,OK,0
2026-06-30 17:00:00.000,5,plants.env,AS7263,as7263,nir_610,60,2026-06-30 17:00:00.107,2026-06-30 17:04:55.112,325,342,334,,,,OK,0
2026-06-30 17:00:00.000,5,plants.env,AS7263,as7263,nir_680,60,2026-06-30 17:00:00.176,2026-06-30 17:04:55.200,640,697,651,,,,OK,0
2026-06-30 17:00:00.000,5,plants.env,AS7263,as7263,nir_730,60,2026-06-30 17:00:00.260,2026-06-30 17:04:55.280,227,237,234,,,,OK,0
2026-06-30 17:00:00.000,5,plants.env,AS7263,as7263,nir_760,60,2026-06-30 17:00:00.345,2026-06-30 17:04:55.360,369,393,375.5,,,,OK,0
2026-06-30 17:00:00.000,5,plants.env,AS7263,as7263,nir_810,60,2026-06-30 17:00:00.427,2026-06-30 17:04:55.439,660,707,678,,,,OK,0
2026-06-30 17:00:00.000,5,plants.env,AS7263,as7263,nir_860,60,2026-06-30 17:00:00.506,2026-06-30 17:04:55.519,777,834,796.5,,,,OK,0
2026-06-30 17:00:00.000,5,plants.env,SHT45,sht45,ambient_rh,60,2026-06-30 17:00:04.979,2026-06-30 17:04:59.991,29006,29288,29139,49.33,49.86,49.58,OK,0
2026-06-30 17:00:00.000,5,plants.env,SHT45,sht45,ambient_temp,60,2026-06-30 17:00:04.903,2026-06-30 17:04:59.916,27724,27750,27736,29.03,29.1,29.06,OK,0
2026-06-30 17:00:00.000,5,plants.soil,UMLIFE_v2_TLC555,s1,soil_moisture,60,2026-06-30 17:00:00.736,2026-06-30 17:04:55.750,3196,3203,3199.5,,,,OK,0
2026-06-30 17:00:00.000,5,plants.soil,UMLIFE_v2_TLC555,s2,soil_moisture,60,2026-06-30 17:00:00.811,2026-06-30 17:04:55.824,3128,3142,3135,,,,OK,0
2026-06-30 17:00:00.000,5,plants.soil,UMLIFE_v2_TLC555,s3,soil_moisture,60,2026-06-30 17:00:00.576,2026-06-30 17:04:55.597,3160,3176,3166,,,,OK,0
2026-06-30 17:00:00.000,5,plants.soil,UMLIFE_v2_TLC555,s4,soil_moisture,60,2026-06-30 17:00:00.660,2026-06-30 17:04:55.665,3177,3188,3180,,,,OK,0
2026-06-30 17:05:00.000,5,plants.env,AS7263,as7263,nir_610,60,2026-06-30 17:05:00.121,2026-06-30 17:09:55.123,304,336,319,,,,OK,0
2026-06-30 17:05:00.000,5,plants.env,AS7263,as7263,nir_680,60,2026-06-30 17:05:00.200,2026-06-30 17:09:55.207,546,643,581,,,,OK,0
2026-06-30 17:05:00.000,5,plants.env,AS7263,as7263,nir_730,60,2026-06-30 17:05:00.280,2026-06-30 17:09:55.293,218,229,222,,,,OK,0
2026-06-30 17:05:00.000,5,plants.env,AS7263,as7263,nir_760,60,2026-06-30 17:05:00.360,2026-06-30 17:09:55.358,330,369,344,,,,OK,0
2026-06-30 17:05:00.000,5,plants.env,AS7263,as7263,nir_810,60,2026-06-30 17:05:00.439,2026-06-30 17:09:55.453,538,657,573,,,,OK,0
2026-06-30 17:05:00.000,5,plants.env,AS7263,as7263,nir_860,60,2026-06-30 17:05:00.520,2026-06-30 17:09:55.521,608,771,652.5,,,,OK,0
2026-06-30 17:05:00.000,5,plants.env,SHT45,sht45,ambient_rh,60,2026-06-30 17:05:04.991,2026-06-30 17:09:59.994,28948,29205,29060.5,49.21,49.7,49.43,OK,0
2026-06-30 17:05:00.000,5,plants.env,SHT45,sht45,ambient_temp,60,2026-06-30 17:05:04.917,2026-06-30 17:09:59.928,27737,27759,27746,29.07,29.13,29.09,OK,0
2026-06-30 17:05:00.000,5,plants.soil,UMLIFE_v2_TLC555,s1,soil_moisture,60,2026-06-30 17:05:00.750,2026-06-30 17:09:55.755,3195,3203,3199,,,,OK,0
2026-06-30 17:05:00.000,5,plants.soil,UMLIFE_v2_TLC555,s2,soil_moisture,60,2026-06-30 17:05:00.826,2026-06-30 17:09:55.839,3130,3140,3135,,,,OK,0
2026-06-30 17:05:00.000,5,plants.soil,UMLIFE_v2_TLC555,s3,soil_moisture,60,2026-06-30 17:05:00.597,2026-06-30 17:09:55.610,3160,3172,3165,,,,OK,0
2026-06-30 17:05:00.000,5,plants.soil,UMLIFE_v2_TLC555,s4,soil_moisture,60,2026-06-30 17:05:00.673,2026-06-30 17:09:55.675,3174,3185,3179,,,,OK,0
2026-06-30 17:10:00.000,5,plants.env,AS7263,as7263,nir_610,60,2026-06-30 17:10:00.124,2026-06-30 17:14:55.142,278,311,293,,,,OK,0
2026-06-30 17:10:00.000,5,plants.env,AS7263,as7263,nir_680,60,2026-06-30 17:10:00.210,2026-06-30 17:14:55.226,487,547,516.5,,,,OK,0
2026-06-30 17:10:00.000,5,plants.env,AS7263,as7263,nir_730,60,2026-06-30 17:10:00.289,2026-06-30 17:14:55.306,208,220,214,,,,OK,0
2026-06-30 17:10:00.000,5,plants.env,AS7263,as7263,nir_760,60,2026-06-30 17:10:00.360,2026-06-30 17:14:55.386,306,330,318,,,,OK,0
2026-06-30 17:10:00.000,5,plants.env,AS7263,as7263,nir_810,60,2026-06-30 17:10:00.445,2026-06-30 17:14:55.458,479,540,508,,,,OK,0
2026-06-30 17:10:00.000,5,plants.env,AS7263,as7263,nir_860,60,2026-06-30 17:10:00.528,2026-06-30 17:14:55.545,536,608,573,,,,OK,0
2026-06-30 17:10:00.000,5,plants.env,SHT45,sht45,ambient_rh,59,2026-06-30 17:10:04.996,2026-06-30 17:14:55.009,28852,29708,29080,49.03,50.66,49.47,OK,0
2026-06-30 17:10:00.000,5,plants.env,SHT45,sht45,ambient_temp,60,2026-06-30 17:10:04.929,2026-06-30 17:14:59.943,27746,27773,27756,29.09,29.16,29.12,OK,0
2026-06-30 17:10:00.000,5,plants.soil,UMLIFE_v2_TLC555,s1,soil_moisture,60,2026-06-30 17:10:00.760,2026-06-30 17:14:55.773,3196,3206,3200,,,,OK,0
2026-06-30 17:10:00.000,5,plants.soil,UMLIFE_v2_TLC555,s2,soil_moisture,60,2026-06-30 17:10:00.831,2026-06-30 17:14:55.842,3128,3141,3135,,,,OK,0
2026-06-30 17:10:00.000,5,plants.soil,UMLIFE_v2_TLC555,s3,soil_moisture,60,2026-06-30 17:10:00.610,2026-06-30 17:14:55.623,3159,3189,3176,,,,OK,0
2026-06-30 17:10:00.000,5,plants.soil,UMLIFE_v2_TLC555,s4,soil_moisture,60,2026-06-30 17:10:00.676,2026-06-30 17:14:55.689,3175,3188,3181,,,,OK,0
2026-06-30 17:15:00.000,5,plants.env,AS7263,as7263,nir_610,60,2026-06-30 17:15:00.136,2026-06-30 17:19:55.160,271,289,278,,,,OK,0
2026-06-30 17:15:00.000,5,plants.env,AS7263,as7263,nir_680,60,2026-06-30 17:15:00.227,2026-06-30 17:19:55.225,463,491,477,,,,OK,0
2026-06-30 17:15:00.000,5,plants.env,AS7263,as7263,nir_730,60,2026-06-30 17:15:00.306,2026-06-30 17:19:55.316,204,211,207,,,,OK,0
2026-06-30 17:15:00.000,5,plants.env,AS7263,as7263,nir_760,60,2026-06-30 17:15:00.386,2026-06-30 17:19:55.392,296,308,302,,,,OK,0
2026-06-30 17:15:00.000,5,plants.env,AS7263,as7263,nir_810,60,2026-06-30 17:15:00.466,2026-06-30 17:19:55.473,459,482,470,,,,OK,0
2026-06-30 17:15:00.000,5,plants.env,AS7263,as7263,nir_860,60,2026-06-30 17:15:00.544,2026-06-30 17:19:55.550,507,539,522,,,,OK,0
2026-06-30 17:15:00.000,5,plants.env,SHT45,sht45,ambient_rh,60,2026-06-30 17:15:00.018,2026-06-30 17:19:55.031,28849,29268,28950,49.03,49.83,49.215,OK,0
2026-06-30 17:15:00.000,5,plants.env,SHT45,sht45,ambient_temp,60,2026-06-30 17:15:04.943,2026-06-30 17:19:59.956,27752,27775,27765.5,29.11,29.17,29.14,OK,0
2026-06-30 17:15:00.000,5,plants.soil,UMLIFE_v2_TLC555,s1,soil_moisture,60,2026-06-30 17:15:00.777,2026-06-30 17:19:55.787,3195,3203,3199,,,,OK,0
2026-06-30 17:15:00.000,5,plants.soil,UMLIFE_v2_TLC555,s2,soil_moisture,60,2026-06-30 17:15:00.853,2026-06-30 17:19:55.865,3129,3140,3134.5,,,,OK,0
2026-06-30 17:15:00.000,5,plants.soil,UMLIFE_v2_TLC555,s3,soil_moisture,60,2026-06-30 17:15:00.623,2026-06-30 17:19:55.629,3158,3176,3165,,,,OK,0
2026-06-30 17:15:00.000,5,plants.soil,UMLIFE_v2_TLC555,s4,soil_moisture,60,2026-06-30 17:15:00.699,2026-06-30 17:19:55.708,3174,3186,3179.5,,,,OK,0
2026-06-30 17:20:00.000,5,plants.env,AS7263,as7263,nir_610,60,2026-06-30 17:20:00.159,2026-06-30 17:24:55.171,254,276,267,,,,OK,0
2026-06-30 17:20:00.000,5,plants.env,AS7263,as7263,nir_680,60,2026-06-30 17:20:00.238,2026-06-30 17:24:55.242,436,467,450.5,,,,OK,0
2026-06-30 17:20:00.000,5,plants.env,AS7263,as7263,nir_730,60,2026-06-30 17:20:00.319,2026-06-30 17:24:55.326,204,209,206,,,,OK,0
2026-06-30 17:20:00.000,5,plants.env,AS7263,as7263,nir_760,60,2026-06-30 17:20:00.399,2026-06-30 17:24:55.409,288,298,293,,,,OK,0
2026-06-30 17:20:00.000,5,plants.env,AS7263,as7263,nir_810,60,2026-06-30 17:20:00.479,2026-06-30 17:24:55.490,439,465,450,,,,OK,0
2026-06-30 17:20:00.000,5,plants.env,AS7263,as7263,nir_860,60,2026-06-30 17:20:00.550,2026-06-30 17:24:55.557,474,512,490,,,,OK,0
2026-06-30 17:20:00.000,5,plants.env,SHT45,sht45,ambient_rh,60,2026-06-30 17:20:00.028,2026-06-30 17:24:55.043,28789,29129,28882,48.91,49.56,49.09,OK,0
2026-06-30 17:20:00.000,5,plants.env,SHT45,sht45,ambient_temp,60,2026-06-30 17:20:04.947,2026-06-30 17:24:59.959,27756,27777,27766,29.12,29.17,29.14,OK,0
2026-06-30 17:20:00.000,5,plants.soil,UMLIFE_v2_TLC555,s1,soil_moisture,60,2026-06-30 17:20:00.789,2026-06-30 17:24:55.791,3196,3204,3200,,,,OK,0
2026-06-30 17:20:00.000,5,plants.soil,UMLIFE_v2_TLC555,s2,soil_moisture,60,2026-06-30 17:20:00.865,2026-06-30 17:24:55.877,3129,3142,3135,,,,OK,0
2026-06-30 17:20:00.000,5,plants.soil,UMLIFE_v2_TLC555,s3,soil_moisture,60,2026-06-30 17:20:00.636,2026-06-30 17:24:55.641,3160,3174,3166,,,,OK,0
2026-06-30 17:20:00.000,5,plants.soil,UMLIFE_v2_TLC555,s4,soil_moisture,60,2026-06-30 17:20:00.713,2026-06-30 17:24:55.726,3174,3185,3180,,,,OK,0
2026-06-30 17:25:00.000,5,plants.env,AS7263,as7263,nir_610,60,2026-06-30 17:25:00.160,2026-06-30 17:29:55.176,232,260,252.5,,,,OK,0
2026-06-30 17:25:00.000,5,plants.env,AS7263,as7263,nir_680,60,2026-06-30 17:25:00.245,2026-06-30 17:29:55.254,403,432,425,,,,OK,0
2026-06-30 17:25:00.000,5,plants.env,AS7263,as7263,nir_730,60,2026-06-30 17:25:00.333,2026-06-30 17:29:55.341,195,205,201,,,,OK,0
2026-06-30 17:25:00.000,5,plants.env,AS7263,as7263,nir_760,60,2026-06-30 17:25:00.412,2026-06-30 17:29:55.421,273,287,282,,,,OK,0
2026-06-30 17:25:00.000,5,plants.env,AS7263,as7263,nir_810,60,2026-06-30 17:25:00.488,2026-06-30 17:29:55.500,407,439,430,,,,OK,0
2026-06-30 17:25:00.000,5,plants.env,AS7263,as7263,nir_860,60,2026-06-30 17:25:00.562,2026-06-30 17:29:55.579,434,474,462.5,,,,OK,0
2026-06-30 17:25:00.000,5,plants.env,SHT45,sht45,ambient_rh,60,2026-06-30 17:25:00.044,2026-06-30 17:29:55.045,28716,29440,28847,48.77,50.15,49.02,OK,0
2026-06-30 17:25:00.000,5,plants.env,SHT45,sht45,ambient_temp,60,2026-06-30 17:25:04.964,2026-06-30 17:29:59.972,27756,27777,27767,29.12,29.17,29.15,OK,0
2026-06-30 17:25:00.000,5,plants.soil,UMLIFE_v2_TLC555,s1,soil_moisture,60,2026-06-30 17:25:00.799,2026-06-30 17:29:55.814,3199,3206,3202,,,,OK,0
2026-06-30 17:25:00.000,5,plants.soil,UMLIFE_v2_TLC555,s2,soil_moisture,60,2026-06-30 17:25:00.878,2026-06-30 17:29:55.890,3132,3143,3138,,,,OK,0
2026-06-30 17:25:00.000,5,plants.soil,UMLIFE_v2_TLC555,s3,soil_moisture,60,2026-06-30 17:25:00.646,2026-06-30 17:29:55.659,3162,3174,3167.5,,,,OK,0
2026-06-30 17:25:00.000,5,plants.soil,UMLIFE_v2_TLC555,s4,soil_moisture,60,2026-06-30 17:25:00.718,2026-06-30 17:29:55.738,3178,3189,3183,,,,OK,0
2026-06-30 17:30:00.000,5,plants.env,AS7263,as7263,nir_610,14,2026-06-30 17:30:00.174,2026-06-30 17:31:05.175,240,250,245.5,,,,OK,0
2026-06-30 17:30:00.000,5,plants.env,AS7263,as7263,nir_680,14,2026-06-30 17:30:00.253,2026-06-30 17:31:05.265,398,411,404.5,,,,OK,0
2026-06-30 17:30:00.000,5,plants.env,AS7263,as7263,nir_730,14,2026-06-30 17:30:00.333,2026-06-30 17:31:05.344,197,200,199,,,,OK,0
2026-06-30 17:30:00.000,5,plants.env,AS7263,as7263,nir_760,14,2026-06-30 17:30:00.411,2026-06-30 17:31:05.422,273,276,275,,,,OK,0
2026-06-30 17:30:00.000,5,plants.env,AS7263,as7263,nir_810,14,2026-06-30 17:30:00.491,2026-06-30 17:31:05.501,405,413,410,,,,OK,0
2026-06-30 17:30:00.000,5,plants.env,AS7263,as7263,nir_860,14,2026-06-30 17:30:00.585,2026-06-30 17:31:05.580,431,439,436,,,,OK,0
2026-06-30 17:30:00.000,5,plants.env,SHT45,sht45,ambient_rh,14,2026-06-30 17:30:00.056,2026-06-30 17:31:05.048,28700,28884,28838.5,48.74,49.09,49.005,OK,0
2026-06-30 17:30:00.000,5,plants.env,SHT45,sht45,ambient_temp,13,2026-06-30 17:30:04.974,2026-06-30 17:31:04.969,27765,27781,27772,29.14,29.18,29.16,OK,0
2026-06-30 17:30:00.000,5,plants.soil,UMLIFE_v2_TLC555,s1,soil_moisture,14,2026-06-30 17:30:00.802,2026-06-30 17:31:05.817,3199,3206,3204,,,,OK,0
2026-06-30 17:30:00.000,5,plants.soil,UMLIFE_v2_TLC555,s2,soil_moisture,14,2026-06-30 17:30:00.881,2026-06-30 17:31:05.893,3136,3143,3138.5,,,,OK,0
2026-06-30 17:30:00.000,5,plants.soil,UMLIFE_v2_TLC555,s3,soil_moisture,14,2026-06-30 17:30:00.660,2026-06-30 17:31:05.665,3165,3175,3170,,,,OK,0
2026-06-30 17:30:00.000,5,plants.soil,UMLIFE_v2_TLC555,s4,soil_moisture,14,2026-06-30 17:30:00.738,2026-06-30 17:31:05.738,3181,3188,3184,,,,OK,0
